timestamp_iso,timestamp_epoch,tag_id,seat_id,rssi,raw,source_port
2025-12-15T17:01:20.976791+00:00,1765818080.976791,186098E018981E66981E181E,UNKNOWN,,,/dev/cu.usbserial-110
2025-12-15T17:01:20.980124+00:00,1765818080.980124,8698E6981E98801E186098E018981E66981E181E8698E6,UNKNOWN,,,/dev/cu.usbserial-110
2025-12-15T17:01:20.981099+00:00,1765818080.981099,981E98801E186098E018981E66981E181E8698E6981E98,UNKNOWN,,,/dev/cu.usbserial-110
2025-12-15T17:01:20.982062+00:00,1765818080.982062,801E186098E018981E66981E181E8698E6981E98801E18,UNKNOWN,,,/dev/cu.usbserial-110
2025-12-15T17:01:20.982944+00:00,1765818080.982944,6098E018981E66981E181E8698E6981E98801E186098E0,UNKNOWN,,,/dev/cu.usbserial-110
2025-12-15T17:01:20.983604+00:00,1765818080.983604,18981E66981E181E8698E6981E98801E186098E018981E,UNKNOWN,,,/dev/cu.usbserial-110
2025-12-15T17:01:20.984315+00:00,1765818080.984315,66981E181E8698E6981E98801E186098E018981E66981E,UNKNOWN,,,/dev/cu.usbserial-110
2025-12-15T17:01:20.984952+00:00,1765818080.984952,181E8698E6981E98801E186098E018981E66981E181E,UNKNOWN,,,/dev/cu.usbserial-110
2025-12-15T17:01:20.999959+00:00,1765818080.999959,66981E181E8698E6981E98801E186098E018981E6698,UNKNOWN,,,/dev/cu.usbserial-110
2025-12-15T17:01:21.013453+00:00,1765818081.013453,1E181E8698E6981E98801E186098E018981E66981E18,UNKNOWN,,,/dev/cu.usbserial-110
2025-12-15T17:01:21.014277+00:00,1765818081.014277,1E8698E6981E98801E186098E018981E66981E181E8698,UNKNOWN,,,/dev/cu.usbserial-110
2025-12-15T17:01:21.015142+00:00,1765818081.015142,E6981E98801E186098E018981E66981E181E8698E6981E,UNKNOWN,,,/dev/cu.usbserial-110
2025-12-15T17:01:21.015992+00:00,1765818081.015992,98801E186098E018981E66981E181E8698E6981E98801E,UNKNOWN,,,/dev/cu.usbserial-110
2025-12-15T17:01:21.016786+00:00,1765818081.016786,186098E018981E66981E181E8698E6981E98801E186098,UNKNOWN,,,/dev/cu.usbserial-110
2025-12-15T17:01:21.017516+00:00,1765818081.017516,E018981E66981E181E8698E6981E98801E186098E01898,UNKNOWN,,,/dev/cu.usbserial-110
2025-12-15T17:01:21.018251+00:00,1765818081.018251,1E66981E181E8698E6981E98801E186098E018981E6698,UNKNOWN,,,/dev/cu.usbserial-110
2025-12-15T17:01:21.046422+00:00,1765818081.046422,186098E018981E66981E181E8698E6981E98801E,UNKNOWN,,,/dev/cu.usbserial-110
2025-12-15T17:01:21.997744+00:00,1765818081.997744,186098E018981E66981E181E8698E6981E98801E,UNKNOWN,,,/dev/cu.usbserial-110
2025-12-15T17:01:24.921858+00:00,1765818084.921858,186098E018981E66981E181E8698E6981E98801E,UNKNOWN,,,/dev/cu.usbserial-110
2025-12-15T17:01:25.761987+00:00,1765818085.761987,186098E018981E66981E181E8698E6981E98801E,UNKNOWN,,,/dev/cu.usbserial-110
2025-12-15T17:02:11.107249+00:00,1765818131.107249,186098E018981E66981E181E8698E6981E98801E186098,UNKNOWN,,,/dev/cu.usbserial-110
2025-12-15T17:02:11.108062+00:00,1765818131.108062,E018981E66981E181E8698E6981E98801E,UNKNOWN,,,/dev/cu.usbserial-110
2025-12-15T17:02:11.121042+00:00,1765818131.121042,E018981E66981E181E8698E6981E98801E186098E01898,UNKNOWN,,,/dev/cu.usbserial-110
2025-12-15T17:02:11.121658+00:00,1765818131.121658,1E66981E181E8698E6981E98801E186098E018981E6698,UNKNOWN,,,/dev/cu.usbserial-110
2025-12-15T17:02:11.122081+00:00,1765818131.122081,1E181E8698E6981E98801E186098E018981E66981E18,UNKNOWN,,,/dev/cu.usbserial-110
2025-12-15T17:02:11.122418+00:00,1765818131.122418,1E8698E6981E98801E186098E018981E66981E181E8698,UNKNOWN,,,/dev/cu.usbserial-110
2025-12-15T17:02:11.122725+00:00,1765818131.122725,E6981E98801E186098E018981E66981E181E8698E6981E,UNKNOWN,,,/dev/cu.usbserial-110
2025-12-15T17:02:11.123031+00:00,1765818131.123031,98801E186098E018981E66981E181E8698E6981E98801E,UNKNOWN,,,/dev/cu.usbserial-110
2025-12-15T17:02:12.615884+00:00,1765818132.615884,186098E018981E66981E181E8698E6981E98801E186098,UNKNOWN,,,/dev/cu.usbserial-110
2025-12-15T17:02:12.631834+00:00,1765818132.631834,E018981E66981E181E8698E6981E98801E186098E01898,UNKNOWN,,,/dev/cu.usbserial-110
2025-12-15T17:02:12.633856+00:00,1765818132.633856,1E66981E181E8698E6981E98801E186098E018981E6698,UNKNOWN,,,/dev/cu.usbserial-110
2025-12-15T17:02:12.635042+00:00,1765818132.635042,1E181E8698E6981E98801E186098E018981E66981E18,UNKNOWN,,,/dev/cu.usbserial-110
2025-12-15T17:02:12.636555+00:00,1765818132.636555,1E8698E6981E98801E186098E018981E66981E181E8698,UNKNOWN,,,/dev/cu.usbserial-110
2025-12-15T17:02:12.638005+00:00,1765818132.638005,E6981E98801E186098E018981E66981E181E8698E6981E,UNKNOWN,,,/dev/cu.usbserial-110
2025-12-15T17:02:12.638988+00:00,1765818132.638988,98801E186098E018981E66981E181E8698E6981E98801E,UNKNOWN,,,/dev/cu.usbserial-110
2025-12-15T17:02:14.127093+00:00,1765818134.127093,186098E018981E66981E181E8698E6981E98801E186098,UNKNOWN,,,/dev/cu.usbserial-110
2025-12-15T17:02:14.140898+00:00,1765818134.140898,E018981E66981E181E8698E6981E98801E186098E01898,UNKNOWN,,,/dev/cu.usbserial-110
2025-12-15T17:02:14.143242+00:00,1765818134.143242,1E66981E181E8698E6981E98801E186098E018981E6698,UNKNOWN,,,/dev/cu.usbserial-110
2025-12-15T17:02:14.145172+00:00,1765818134.145172,1E181E8698E6981E98801E186098E018981E66981E18,UNKNOWN,,,/dev/cu.usbserial-110
2025-12-15T17:02:14.147331+00:00,1765818134.147331,1E8698E6981E98801E186098E018981E66981E181E8698,UNKNOWN,,,/dev/cu.usbserial-110
2025-12-15T17:02:14.149768+00:00,1765818134.149768,E6981E98801E186098E018981E66981E181E8698E6981E,UNKNOWN,,,/dev/cu.usbserial-110
2025-12-15T17:02:14.151425+00:00,1765818134.151425,98801E186098E018981E66981E181E8698E6981E98801E,UNKNOWN,,,/dev/cu.usbserial-110
2025-12-15T17:02:15.630296+00:00,1765818135.630296,186098E018981E66981E181E8698E6981E98801E186098,UNKNOWN,,,/dev/cu.usbserial-110
2025-12-15T17:02:15.647149+00:00,1765818135.647149,E018981E66981E181E8698E6981E98801E186098E01898,UNKNOWN,,,/dev/cu.usbserial-110
2025-12-15T17:02:15.647745+00:00,1765818135.647745,1E66981E181E8698E6981E98801E186098E018981E6698,UNKNOWN,,,/dev/cu.usbserial-110
2025-12-15T17:02:15.648072+00:00,1765818135.648072,1E181E8698E6981E98801E186098E018981E66981E18,UNKNOWN,,,/dev/cu.usbserial-110
2025-12-15T17:02:15.648460+00:00,1765818135.64846,1E8698E6981E98801E186098E018981E66981E181E8698,UNKNOWN,,,/dev/cu.usbserial-110
2025-12-15T17:02:15.661317+00:00,1765818135.661317,E6981E98801E186098E018981E66981E181E8698E6981E,UNKNOWN,,,/dev/cu.usbserial-110
2025-12-15T17:02:15.661768+00:00,1765818135.661768,98801E186098E018981E66981E181E8698E6981E98801E,UNKNOWN,,,/dev/cu.usbserial-110
2025-12-15T17:02:17.133234+00:00,1765818137.133234,186098E018981E66981E181E8698E6981E98801E186098,UNKNOWN,,,/dev/cu.usbserial-110
2025-12-15T17:02:17.147538+00:00,1765818137.147538,E018981E66981E181E8698E6981E98801E186098E01898,UNKNOWN,,,/dev/cu.usbserial-110
2025-12-15T17:02:17.149001+00:00,1765818137.149001,1E66981E181E8698E6981E98801E186098E018981E6698,UNKNOWN,,,/dev/cu.usbserial-110
2025-12-15T17:02:17.150105+00:00,1765818137.150105,1E181E8698E6981E98801E186098E018981E66981E18,UNKNOWN,,,/dev/cu.usbserial-110
2025-12-15T17:02:17.151158+00:00,1765818137.151158,1E8698E6981E98801E186098E018981E66981E181E8698,UNKNOWN,,,/dev/cu.usbserial-110
2025-12-15T17:02:17.165530+00:00,1765818137.16553,E6981E98801E186098E018981E66981E181E8698E6981E,UNKNOWN,,,/dev/cu.usbserial-110
2025-12-15T17:02:17.167316+00:00,1765818137.167316,98801E186098E018981E66981E181E8698E6981E98801E,UNKNOWN,,,/dev/cu.usbserial-110
2025-12-15T17:02:18.643578+00:00,1765818138.643578,186098E018981E66981E181E8698E6981E98801E186098,UNKNOWN,,,/dev/cu.usbserial-110
2025-12-15T17:02:18.659082+00:00,1765818138.659082,1E66981E181E8698E6981E98801E186098E018981E6698,UNKNOWN,,,/dev/cu.usbserial-110
2025-12-15T17:02:18.659756+00:00,1765818138.659756,1E181E8698E6981E98801E186098E018981E66981E18,UNKNOWN,,,/dev/cu.usbserial-110
2025-12-15T17:02:18.660104+00:00,1765818138.660104,1E8698E6981E98801E186098E018981E66981E181E8698,UNKNOWN,,,/dev/cu.usbserial-110
2025-12-15T17:02:18.660449+00:00,1765818138.660449,E018981E66981E181E8698E6981E98801E186098E01898,UNKNOWN,,,/dev/cu.usbserial-110
2025-12-15T17:02:18.673672+00:00,1765818138.673672,E6981E98801E186098E018981E66981E181E8698E6981E,UNKNOWN,,,/dev/cu.usbserial-110
2025-12-15T17:02:18.674066+00:00,1765818138.674066,98801E186098E018981E66981E181E8698E6981E98801E,UNKNOWN,,,/dev/cu.usbserial-110
2025-12-15T17:03:00.842432+00:00,1765818180.842432,186098E018981E66981E181E8698E6981E98801E,SEAT-001,,,/dev/cu.usbserial-110
2025-12-15T17:03:00.856277+00:00,1765818180.856277,186098E018981E66981E181E8698E6981E98801E186098,UNKNOWN,,,/dev/cu.usbserial-110
2025-12-15T17:03:00.857083+00:00,1765818180.857083,E018981E66981E181E8698E6981E98801E186098E01898,UNKNOWN,,,/dev/cu.usbserial-110
2025-12-15T17:03:00.857535+00:00,1765818180.857535,1E66981E181E8698E6981E98801E186098E018981E6698,UNKNOWN,,,/dev/cu.usbserial-110
2025-12-15T17:03:00.858013+00:00,1765818180.858013,1E181E8698E6981E98801E186098E018981E66981E18,UNKNOWN,,,/dev/cu.usbserial-110
2025-12-15T17:03:00.858423+00:00,1765818180.858423,1E8698E6981E98801E186098E018981E66981E181E8698,UNKNOWN,,,/dev/cu.usbserial-110
2025-12-15T17:03:00.858834+00:00,1765818180.858834,E6981E98801E186098E018981E66981E181E8698E6981E,UNKNOWN,,,/dev/cu.usbserial-110
2025-12-15T17:03:00.859192+00:00,1765818180.859192,98801E186098E018981E66981E181E8698E6981E98801E,UNKNOWN,,,/dev/cu.usbserial-110
2025-12-15T17:03:01.658557+00:00,1765818181.658557,1E66981E181E8698E6981E98801E186098E018981E6698,UNKNOWN,,,/dev/cu.usbserial-110
2025-12-15T17:03:01.661854+00:00,1765818181.661854,1E181E8698E6981E98801E186098E018981E66981E18,UNKNOWN,,,/dev/cu.usbserial-110
2025-12-15T17:03:01.663612+00:00,1765818181.663612,1E8698E6981E98801E186098E018981E66981E181E8698,UNKNOWN,,,/dev/cu.usbserial-110
2025-12-15T17:03:01.665155+00:00,1765818181.665155,E6981E98801E186098E018981E66981E181E8698E6981E,UNKNOWN,,,/dev/cu.usbserial-110
2025-12-15T17:03:01.666953+00:00,1765818181.666953,98801E186098E018981E66981E181E8698E6981E98801E,UNKNOWN,,,/dev/cu.usbserial-110
2025-12-15T17:03:01.669205+00:00,1765818181.669205,186098E018981E66981E181E8698E6981E98801E186098,UNKNOWN,,,/dev/cu.usbserial-110
2025-12-15T17:03:01.670867+00:00,1765818181.670867,E018981E66981E181E8698E6981E98801E186098E01898,UNKNOWN,,,/dev/cu.usbserial-110
2025-12-15T17:03:02.470576+00:00,1765818182.470576,1E8698E6981E98801E186098E018981E66981E181E8698,UNKNOWN,,,/dev/cu.usbserial-110
2025-12-15T17:03:02.474282+00:00,1765818182.474282,E6981E98801E186098E018981E66981E181E8698E6981E,UNKNOWN,,,/dev/cu.usbserial-110
2025-12-15T17:03:02.475960+00:00,1765818182.47596,98801E186098E018981E66981E181E8698E6981E98801E,UNKNOWN,,,/dev/cu.usbserial-110
2025-12-15T17:03:02.477308+00:00,1765818182.477308,186098E018981E66981E181E8698E6981E98801E186098,UNKNOWN,,,/dev/cu.usbserial-110
2025-12-15T17:03:02.478752+00:00,1765818182.478752,E018981E66981E181E8698E6981E98801E186098E01898,UNKNOWN,,,/dev/cu.usbserial-110
2025-12-15T17:03:02.480656+00:00,1765818182.480656,1E66981E181E8698E6981E98801E186098E018981E6698,UNKNOWN,,,/dev/cu.usbserial-110
2025-12-15T17:03:02.482730+00:00,1765818182.48273,1E181E8698E6981E98801E186098E018981E66981E18,UNKNOWN,,,/dev/cu.usbserial-110
2025-12-15T17:03:03.274507+00:00,1765818183.274507,1E8698E6981E98801E186098E018981E66981E181E8698,UNKNOWN,,,/dev/cu.usbserial-110
2025-12-15T17:03:03.277500+00:00,1765818183.2775,E6981E98801E186098E018981E66981E181E8698E6981E,UNKNOWN,,,/dev/cu.usbserial-110
2025-12-15T17:03:03.279124+00:00,1765818183.279124,98801E186098E018981E66981E181E8698E6981E98801E,UNKNOWN,,,/dev/cu.usbserial-110
2025-12-15T17:03:03.280484+00:00,1765818183.280484,186098E018981E66981E181E8698E6981E98801E186098,UNKNOWN,,,/dev/cu.usbserial-110
2025-12-15T17:03:03.282495+00:00,1765818183.282495,E018981E66981E181E8698E6981E98801E186098E01898,UNKNOWN,,,/dev/cu.usbserial-110
2025-12-15T17:03:03.284796+00:00,1765818183.284796,1E66981E181E8698E6981E98801E186098E018981E6698,UNKNOWN,,,/dev/cu.usbserial-110
2025-12-15T17:03:03.286182+00:00,1765818183.286182,1E181E8698E6981E98801E186098E018981E66981E18,UNKNOWN,,,/dev/cu.usbserial-110
2025-12-15T17:03:04.084146+00:00,1765818184.084146,98801E186098E018981E66981E181E8698E6981E98801E,UNKNOWN,,,/dev/cu.usbserial-110
2025-12-15T17:03:04.086929+00:00,1765818184.086929,186098E018981E66981E181E8698E6981E98801E186098,UNKNOWN,,,/dev/cu.usbserial-110
2025-12-15T17:03:04.088409+00:00,1765818184.088409,E018981E66981E181E8698E6981E98801E186098E01898,UNKNOWN,,,/dev/cu.usbserial-110
2025-12-15T17:03:04.089760+00:00,1765818184.08976,1E66981E181E8698E6981E98801E186098E018981E6698,UNKNOWN,,,/dev/cu.usbserial-110
2025-12-15T17:03:04.091163+00:00,1765818184.091163,1E181E8698E6981E98801E186098E018981E66981E18,UNKNOWN,,,/dev/cu.usbserial-110
2025-12-15T17:03:04.092613+00:00,1765818184.092613,1E8698E6981E98801E186098E018981E66981E181E8698,UNKNOWN,,,/dev/cu.usbserial-110
2025-12-15T17:03:04.094402+00:00,1765818184.094402,E6981E98801E186098E018981E66981E181E8698E6981E,UNKNOWN,,,/dev/cu.usbserial-110
2025-12-15T17:03:04.890929+00:00,1765818184.890929,186098E018981E66981E181E8698E6981E98801E186098,UNKNOWN,,,/dev/cu.usbserial-110
2025-12-15T17:03:04.893450+00:00,1765818184.89345,E018981E66981E181E8698E6981E98801E186098E01898,UNKNOWN,,,/dev/cu.usbserial-110
2025-12-15T17:03:04.895242+00:00,1765818184.895242,1E66981E181E8698E6981E98801E186098E018981E6698,UNKNOWN,,,/dev/cu.usbserial-110
2025-12-15T17:03:04.896334+00:00,1765818184.896334,1E181E8698E6981E98801E186098E018981E66981E18,UNKNOWN,,,/dev/cu.usbserial-110
2025-12-15T17:03:04.897323+00:00,1765818184.897323,1E8698E6981E98801E186098E018981E66981E181E8698,UNKNOWN,,,/dev/cu.usbserial-110
2025-12-15T17:03:04.898463+00:00,1765818184.898463,E6981E98801E186098E018981E66981E181E8698E6981E,UNKNOWN,,,/dev/cu.usbserial-110
2025-12-15T17:03:04.899603+00:00,1765818184.899603,98801E186098E018981E66981E181E8698E6981E98801E,UNKNOWN,,,/dev/cu.usbserial-110
2025-12-15T17:03:05.697836+00:00,1765818185.697836,E018981E66981E181E8698E6981E98801E186098E01898,UNKNOWN,,,/dev/cu.usbserial-110
2025-12-15T17:03:05.700184+00:00,1765818185.700184,1E66981E181E8698E6981E98801E186098E018981E6698,UNKNOWN,,,/dev/cu.usbserial-110
2025-12-15T17:03:05.701805+00:00,1765818185.701805,1E181E8698E6981E98801E186098E018981E66981E18,UNKNOWN,,,/dev/cu.usbserial-110
2025-12-15T17:03:05.703429+00:00,1765818185.703429,1E8698E6981E98801E186098E018981E66981E181E8698,UNKNOWN,,,/dev/cu.usbserial-110
2025-12-15T17:03:05.704905+00:00,1765818185.704905,E6981E98801E186098E018981E66981E181E8698E6981E,UNKNOWN,,,/dev/cu.usbserial-110
2025-12-15T17:03:05.707206+00:00,1765818185.707206,98801E186098E018981E66981E181E8698E6981E98801E,UNKNOWN,,,/dev/cu.usbserial-110
2025-12-15T17:03:05.709005+00:00,1765818185.709005,186098E018981E66981E181E8698E6981E98801E186098,UNKNOWN,,,/dev/cu.usbserial-110
2025-12-15T17:03:06.498263+00:00,1765818186.498263,E018981E66981E181E8698E6981E98801E186098E01898,UNKNOWN,,,/dev/cu.usbserial-110
2025-12-15T17:03:06.501049+00:00,1765818186.501049,1E66981E181E8698E6981E98801E186098E018981E6698,UNKNOWN,,,/dev/cu.usbserial-110
2025-12-15T17:03:06.503206+00:00,1765818186.503206,1E181E8698E6981E98801E186098E018981E66981E18,UNKNOWN,,,/dev/cu.usbserial-110
2025-12-15T17:03:06.504949+00:00,1765818186.504949,1E8698E6981E98801E186098E018981E66981E181E8698,UNKNOWN,,,/dev/cu.usbserial-110
2025-12-15T17:03:06.506457+00:00,1765818186.506457,E6981E98801E186098E018981E66981E181E8698E6981E,UNKNOWN,,,/dev/cu.usbserial-110
2025-12-15T17:03:06.508426+00:00,1765818186.508426,98801E186098E018981E66981E181E8698E6981E98801E,UNKNOWN,,,/dev/cu.usbserial-110
2025-12-15T17:03:06.510303+00:00,1765818186.510303,186098E018981E66981E181E8698E6981E98801E186098,UNKNOWN,,,/dev/cu.usbserial-110
2025-12-15T17:03:07.307639+00:00,1765818187.307639,1E181E8698E6981E98801E186098E018981E66981E18,UNKNOWN,,,/dev/cu.usbserial-110
2025-12-15T17:03:07.310302+00:00,1765818187.310302,1E8698E6981E98801E186098E018981E66981E181E8698,UNKNOWN,,,/dev/cu.usbserial-110
2025-12-15T17:03:07.311989+00:00,1765818187.311989,E6981E98801E186098E018981E66981E181E8698E6981E,UNKNOWN,,,/dev/cu.usbserial-110
2025-12-15T17:03:07.313632+00:00,1765818187.313632,98801E186098E018981E66981E181E8698E6981E98801E,UNKNOWN,,,/dev/cu.usbserial-110
2025-12-15T17:03:07.315147+00:00,1765818187.315147,186098E018981E66981E181E8698E6981E98801E186098,UNKNOWN,,,/dev/cu.usbserial-110
2025-12-15T17:03:07.317356+00:00,1765818187.317356,E018981E66981E181E8698E6981E98801E186098E01898,UNKNOWN,,,/dev/cu.usbserial-110
2025-12-15T17:03:07.319079+00:00,1765818187.319079,1E66981E181E8698E6981E98801E186098E018981E6698,UNKNOWN,,,/dev/cu.usbserial-110
2025-12-15T17:03:08.108552+00:00,1765818188.108552,1E181E8698E6981E98801E186098E018981E66981E18,UNKNOWN,,,/dev/cu.usbserial-110
2025-12-15T17:03:08.111338+00:00,1765818188.111338,1E8698E6981E98801E186098E018981E66981E181E8698,UNKNOWN,,,/dev/cu.usbserial-110
2025-12-15T17:03:08.113424+00:00,1765818188.113424,E6981E98801E186098E018981E66981E181E8698E6981E,UNKNOWN,,,/dev/cu.usbserial-110
2025-12-15T17:03:08.115386+00:00,1765818188.115386,98801E186098E018981E66981E181E8698E6981E98801E,UNKNOWN,,,/dev/cu.usbserial-110
2025-12-15T17:03:08.117565+00:00,1765818188.117565,186098E018981E66981E181E8698E6981E98801E186098,UNKNOWN,,,/dev/cu.usbserial-110
2025-12-15T17:03:08.119472+00:00,1765818188.119472,E018981E66981E181E8698E6981E98801E186098E01898,UNKNOWN,,,/dev/cu.usbserial-110
2025-12-15T17:03:08.120904+00:00,1765818188.120904,1E66981E181E8698E6981E98801E186098E018981E6698,UNKNOWN,,,/dev/cu.usbserial-110
2025-12-15T17:03:08.914849+00:00,1765818188.914849,E6981E98801E186098E018981E66981E181E8698E6981E,UNKNOWN,,,/dev/cu.usbserial-110
2025-12-15T17:03:08.915977+00:00,1765818188.915977,98801E186098E018981E66981E181E8698E6981E98801E,UNKNOWN,,,/dev/cu.usbserial-110
2025-12-15T17:03:08.916605+00:00,1765818188.916605,1E181E8698E6981E98801E186098E018981E66981E18,UNKNOWN,,,/dev/cu.usbserial-110
2025-12-15T17:03:08.917291+00:00,1765818188.917291,1E8698E6981E98801E186098E018981E66981E181E8698,UNKNOWN,,,/dev/cu.usbserial-110
2025-12-15T17:03:08.917880+00:00,1765818188.91788,186098E018981E66981E181E8698E6981E98801E186098,UNKNOWN,,,/dev/cu.usbserial-110
2025-12-15T17:03:08.931367+00:00,1765818188.931367,E018981E66981E181E8698E6981E98801E186098E01898,UNKNOWN,,,/dev/cu.usbserial-110
2025-12-15T17:03:08.931977+00:00,1765818188.931977,1E66981E181E8698E6981E98801E186098E018981E6698,UNKNOWN,,,/dev/cu.usbserial-110
2025-12-15T17:03:09.714883+00:00,1765818189.714883,E6981E98801E186098E018981E66981E181E8698E6981E,UNKNOWN,,,/dev/cu.usbserial-110
2025-12-15T17:03:09.716993+00:00,1765818189.716993,98801E186098E018981E66981E181E8698E6981E98801E,UNKNOWN,,,/dev/cu.usbserial-110
2025-12-15T17:03:09.718145+00:00,1765818189.718145,186098E018981E66981E181E8698E6981E98801E186098,UNKNOWN,,,/dev/cu.usbserial-110
2025-12-15T17:03:09.719318+00:00,1765818189.719318,1E181E8698E6981E98801E186098E018981E66981E18,UNKNOWN,,,/dev/cu.usbserial-110
2025-12-15T17:03:09.720384+00:00,1765818189.720384,1E8698E6981E98801E186098E018981E66981E181E8698,UNKNOWN,,,/dev/cu.usbserial-110
2025-12-15T17:03:09.731844+00:00,1765818189.731844,E018981E66981E181E8698E6981E98801E186098E01898,UNKNOWN,,,/dev/cu.usbserial-110
2025-12-15T17:03:09.732421+00:00,1765818189.732421,1E66981E181E8698E6981E98801E186098E018981E6698,UNKNOWN,,,/dev/cu.usbserial-110
2025-12-15T17:03:10.519248+00:00,1765818190.519248,E6981E98801E186098E018981E66981E181E8698E6981E,UNKNOWN,,,/dev/cu.usbserial-110
2025-12-15T17:03:10.522016+00:00,1765818190.522016,98801E186098E018981E66981E181E8698E6981E98801E,UNKNOWN,,,/dev/cu.usbserial-110
2025-12-15T17:03:10.523388+00:00,1765818190.523388,186098E018981E66981E181E8698E6981E98801E186098,UNKNOWN,,,/dev/cu.usbserial-110
2025-12-15T17:03:10.524615+00:00,1765818190.524615,1E181E8698E6981E98801E186098E018981E66981E18,UNKNOWN,,,/dev/cu.usbserial-110
2025-12-15T17:03:10.525880+00:00,1765818190.52588,1E8698E6981E98801E186098E018981E66981E181E8698,UNKNOWN,,,/dev/cu.usbserial-110
2025-12-15T17:03:10.539167+00:00,1765818190.539167,1E66981E181E8698E6981E98801E186098E018981E6698,UNKNOWN,,,/dev/cu.usbserial-110
2025-12-15T17:03:10.540005+00:00,1765818190.540005,E018981E66981E181E8698E6981E98801E186098E01898,UNKNOWN,,,/dev/cu.usbserial-110
2025-12-15T17:03:11.319269+00:00,1765818191.319269,E6981E98801E186098E018981E66981E181E8698E6981E,UNKNOWN,,,/dev/cu.usbserial-110
2025-12-15T17:03:11.322345+00:00,1765818191.322345,98801E186098E018981E66981E181E8698E6981E98801E,UNKNOWN,,,/dev/cu.usbserial-110
2025-12-15T17:03:11.325266+00:00,1765818191.325266,186098E018981E66981E181E8698E6981E98801E186098,UNKNOWN,,,/dev/cu.usbserial-110
2025-12-15T17:03:11.326983+00:00,1765818191.326983,1E181E8698E6981E98801E186098E018981E66981E18,UNKNOWN,,,/dev/cu.usbserial-110
2025-12-15T17:03:11.328875+00:00,1765818191.328875,1E8698E6981E98801E186098E018981E66981E181E8698,UNKNOWN,,,/dev/cu.usbserial-110
2025-12-15T17:03:11.342725+00:00,1765818191.342725,E018981E66981E181E8698E6981E98801E186098E01898,UNKNOWN,,,/dev/cu.usbserial-110
2025-12-15T17:03:11.343448+00:00,1765818191.343448,1E66981E181E8698E6981E98801E186098E018981E6698,UNKNOWN,,,/dev/cu.usbserial-110
2025-12-15T17:03:12.129618+00:00,1765818192.129618,1E8698E6981E98801E186098E018981E66981E181E8698,UNKNOWN,,,/dev/cu.usbserial-110
2025-12-15T17:03:12.132645+00:00,1765818192.132645,E6981E98801E186098E018981E66981E181E8698E6981E,UNKNOWN,,,/dev/cu.usbserial-110
2025-12-15T17:03:12.134584+00:00,1765818192.134584,98801E186098E018981E66981E181E8698E6981E98801E,UNKNOWN,,,/dev/cu.usbserial-110
2025-12-15T17:03:12.136048+00:00,1765818192.136048,186098E018981E66981E181E8698E6981E98801E186098,UNKNOWN,,,/dev/cu.usbserial-110
2025-12-15T17:03:12.137739+00:00,1765818192.137739,1E181E8698E6981E98801E186098E018981E66981E18,UNKNOWN,,,/dev/cu.usbserial-110
2025-12-15T17:03:12.153650+00:00,1765818192.15365,E018981E66981E181E8698E6981E98801E186098E01898,UNKNOWN,,,/dev/cu.usbserial-110
2025-12-15T17:03:12.154291+00:00,1765818192.154291,1E66981E181E8698E6981E98801E186098E018981E6698,UNKNOWN,,,/dev/cu.usbserial-110
2025-12-15T17:03:12.931800+00:00,1765818192.9318,1E8698E6981E98801E186098E018981E66981E181E8698,UNKNOWN,,,/dev/cu.usbserial-110
2025-12-15T17:03:12.934097+00:00,1765818192.934097,E6981E98801E186098E018981E66981E181E8698E6981E,UNKNOWN,,,/dev/cu.usbserial-110
2025-12-15T17:03:12.935943+00:00,1765818192.935943,98801E186098E018981E66981E181E8698E6981E98801E,UNKNOWN,,,/dev/cu.usbserial-110
2025-12-15T17:03:12.937382+00:00,1765818192.937382,186098E018981E66981E181E8698E6981E98801E186098,UNKNOWN,,,/dev/cu.usbserial-110
2025-12-15T17:03:12.939475+00:00,1765818192.939475,1E181E8698E6981E98801E186098E018981E66981E18,UNKNOWN,,,/dev/cu.usbserial-110
2025-12-15T17:03:12.955688+00:00,1765818192.955688,E018981E66981E181E8698E6981E98801E186098E01898,UNKNOWN,,,/dev/cu.usbserial-110
2025-12-15T17:03:12.956408+00:00,1765818192.956408,1E66981E181E8698E6981E98801E186098E018981E6698,UNKNOWN,,,/dev/cu.usbserial-110
2025-12-15T17:03:13.739876+00:00,1765818193.739876,98801E186098E018981E66981E181E8698E6981E98801E,UNKNOWN,,,/dev/cu.usbserial-110
2025-12-15T17:03:13.743708+00:00,1765818193.743708,186098E018981E66981E181E8698E6981E98801E186098,UNKNOWN,,,/dev/cu.usbserial-110
2025-12-15T17:03:13.746704+00:00,1765818193.746704,1E181E8698E6981E98801E186098E018981E66981E18,UNKNOWN,,,/dev/cu.usbserial-110
2025-12-15T17:03:13.748652+00:00,1765818193.748652,1E8698E6981E98801E186098E018981E66981E181E8698,UNKNOWN,,,/dev/cu.usbserial-110
2025-12-15T17:03:13.750494+00:00,1765818193.750494,E6981E98801E186098E018981E66981E181E8698E6981E,UNKNOWN,,,/dev/cu.usbserial-110
2025-12-15T17:03:13.764692+00:00,1765818193.764692,E018981E66981E181E8698E6981E98801E186098E01898,UNKNOWN,,,/dev/cu.usbserial-110
2025-12-15T17:03:13.765449+00:00,1765818193.765449,1E66981E181E8698E6981E98801E186098E018981E6698,UNKNOWN,,,/dev/cu.usbserial-110
2025-12-15T17:03:14.541507+00:00,1765818194.541507,98801E186098E018981E66981E181E8698E6981E98801E,UNKNOWN,,,/dev/cu.usbserial-110
2025-12-15T17:03:14.544388+00:00,1765818194.544388,186098E018981E66981E181E8698E6981E98801E186098,UNKNOWN,,,/dev/cu.usbserial-110
2025-12-15T17:03:14.546721+00:00,1765818194.546721,1E181E8698E6981E98801E186098E018981E66981E18,UNKNOWN,,,/dev/cu.usbserial-110
2025-12-15T17:03:14.561517+00:00,1765818194.561517,1E8698E6981E98801E186098E018981E66981E181E8698,UNKNOWN,,,/dev/cu.usbserial-110
2025-12-15T17:03:14.562790+00:00,1765818194.56279,E6981E98801E186098E018981E66981E181E8698E6981E,UNKNOWN,,,/dev/cu.usbserial-110
2025-12-15T17:03:14.576389+00:00,1765818194.576389,1E66981E181E8698E6981E98801E186098E018981E6698,UNKNOWN,,,/dev/cu.usbserial-110
2025-12-15T17:03:14.577145+00:00,1765818194.577145,E018981E66981E181E8698E6981E98801E186098E01898,UNKNOWN,,,/dev/cu.usbserial-110
2025-12-15T17:03:15.342568+00:00,1765818195.342568,98801E186098E018981E66981E181E8698E6981E98801E,UNKNOWN,,,/dev/cu.usbserial-110
2025-12-15T17:03:15.345561+00:00,1765818195.345561,186098E018981E66981E181E8698E6981E98801E186098,UNKNOWN,,,/dev/cu.usbserial-110
2025-12-15T17:03:15.347399+00:00,1765818195.347399,1E181E8698E6981E98801E186098E018981E66981E18,UNKNOWN,,,/dev/cu.usbserial-110
2025-12-15T17:03:15.362744+00:00,1765818195.362744,1E8698E6981E98801E186098E018981E66981E181E8698,UNKNOWN,,,/dev/cu.usbserial-110
2025-12-15T17:03:15.363977+00:00,1765818195.363977,E6981E98801E186098E018981E66981E181E8698E6981E,UNKNOWN,,,/dev/cu.usbserial-110
2025-12-15T17:03:15.377541+00:00,1765818195.377541,E018981E66981E181E8698E6981E98801E186098E01898,UNKNOWN,,,/dev/cu.usbserial-110
2025-12-15T17:03:15.378126+00:00,1765818195.378126,1E66981E181E8698E6981E98801E186098E018981E6698,UNKNOWN,,,/dev/cu.usbserial-110
2025-12-15T17:03:16.151614+00:00,1765818196.151614,1E181E8698E6981E98801E186098E018981E66981E18,UNKNOWN,,,/dev/cu.usbserial-110
2025-12-15T17:03:16.154882+00:00,1765818196.154882,98801E186098E018981E66981E181E8698E6981E98801E,UNKNOWN,,,/dev/cu.usbserial-110
2025-12-15T17:03:16.156608+00:00,1765818196.156608,186098E018981E66981E181E8698E6981E98801E186098,UNKNOWN,,,/dev/cu.usbserial-110
2025-12-15T17:03:16.171791+00:00,1765818196.171791,1E8698E6981E98801E186098E018981E66981E181E8698,UNKNOWN,,,/dev/cu.usbserial-110
2025-12-15T17:03:16.173411+00:00,1765818196.173411,E6981E98801E186098E018981E66981E181E8698E6981E,UNKNOWN,,,/dev/cu.usbserial-110
2025-12-15T17:03:16.187383+00:00,1765818196.187383,E018981E66981E181E8698E6981E98801E186098E01898,UNKNOWN,,,/dev/cu.usbserial-110
2025-12-15T17:03:16.188099+00:00,1765818196.188099,1E66981E181E8698E6981E98801E186098E018981E6698,UNKNOWN,,,/dev/cu.usbserial-110
2025-12-15T17:03:16.955235+00:00,1765818196.955235,98801E186098E018981E66981E181E8698E6981E98801E,UNKNOWN,,,/dev/cu.usbserial-110
2025-12-15T17:03:16.957130+00:00,1765818196.95713,186098E018981E66981E181E8698E6981E98801E186098,UNKNOWN,,,/dev/cu.usbserial-110
2025-12-15T17:03:16.958465+00:00,1765818196.958465,1E181E8698E6981E98801E186098E018981E66981E18,UNKNOWN,,,/dev/cu.usbserial-110
2025-12-15T17:03:16.973963+00:00,1765818196.973963,E6981E98801E186098E018981E66981E181E8698E6981E,UNKNOWN,,,/dev/cu.usbserial-110
2025-12-15T17:03:16.975648+00:00,1765818196.975648,1E8698E6981E98801E186098E018981E66981E181E8698,UNKNOWN,,,/dev/cu.usbserial-110
2025-12-15T17:03:16.989866+00:00,1765818196.989866,E018981E66981E181E8698E6981E98801E186098E01898,UNKNOWN,,,/dev/cu.usbserial-110
2025-12-15T17:03:16.990560+00:00,1765818196.99056,1E66981E181E8698E6981E98801E186098E018981E6698,UNKNOWN,,,/dev/cu.usbserial-110
2025-12-15T17:03:36.093420+00:00,1765818216.09342,186098E018981E66981E181E8698E6981E98801E186098,UNKNOWN,,18 60 98 E0 18 98 1E 66 98 1E 00 18 1E 86 98 E6 98 1E 98 80 1E 18 60 98,/dev/cu.usbserial-110
2025-12-15T17:03:36.094614+00:00,1765818216.094614,E018981E66981E181E8698E6981E98801E186098E01898,UNKNOWN,,E0 18 98 1E 66 98 1E 00 18 1E 86 98 E6 98 1E 98 80 1E 18 60 98 E0 18 98,/dev/cu.usbserial-110
2025-12-15T17:03:36.107765+00:00,1765818216.107765,1E66981E181E8698E6981E98801E186098E018981E6698,UNKNOWN,,1E 66 98 1E 00 18 1E 86 98 E6 98 1E 98 80 1E 18 60 98 E0 18 98 1E 66 98,/dev/cu.usbserial-110
2025-12-15T17:03:36.108619+00:00,1765818216.108619,1E181E8698E6981E98801E186098E018981E66981E18,UNKNOWN,,1E 00 18 1E 86 98 E6 98 1E 98 80 1E 18 60 98 E0 18 98 1E 66 98 1E 00 18,/dev/cu.usbserial-110
2025-12-15T17:03:36.109105+00:00,1765818216.109105,1E8698E6981E98801E186098E018981E66981E181E8698,UNKNOWN,,1E 86 98 E6 98 1E 98 80 1E 18 60 98 E0 18 98 1E 66 98 1E 00 18 1E 86 98,/dev/cu.usbserial-110
2025-12-15T17:03:36.109486+00:00,1765818216.109486,E6981E98801E186098E018981E66981E181E8698E6981E,UNKNOWN,,E6 98 1E 98 80 1E 18 60 98 E0 18 98 1E 66 98 1E 00 18 1E 86 98 E6 98 1E,/dev/cu.usbserial-110
2025-12-15T17:03:36.109942+00:00,1765818216.109942,98801E186098E018981E66981E181E8698E6981E98801E,UNKNOWN,,98 80 1E 18 60 98 E0 18 98 1E 66 98 1E 00 18 1E 86 98 E6 98 1E 98 80 1E,/dev/cu.usbserial-110
2025-12-15T17:03:36.898352+00:00,1765818216.898352,186098E018981E66981E181E8698E6981E98801E186098,UNKNOWN,,18 60 98 E0 18 98 1E 66 98 1E 00 18 1E 86 98 E6 98 1E 98 80 1E 18 60 98,/dev/cu.usbserial-110
2025-12-15T17:03:36.900499+00:00,1765818216.900499,E018981E66981E181E8698E6981E98801E186098E01898,UNKNOWN,,E0 18 98 1E 66 98 1E 00 18 1E 86 98 E6 98 1E 98 80 1E 18 60 98 E0 18 98,/dev/cu.usbserial-110
2025-12-15T17:03:36.916012+00:00,1765818216.916012,E6981E98801E186098E018981E66981E181E8698E6981E,UNKNOWN,,E6 98 1E 98 80 1E 18 60 98 E0 18 98 1E 66 98 1E 00 18 1E 86 98 E6 98 1E,/dev/cu.usbserial-110
2025-12-15T17:03:36.918407+00:00,1765818216.918407,98801E186098E018981E66981E181E8698E6981E98801E,UNKNOWN,,98 80 1E 18 60 98 E0 18 98 1E 66 98 1E 00 18 1E 86 98 E6 98 1E 98 80 1E,/dev/cu.usbserial-110
2025-12-15T17:03:36.919889+00:00,1765818216.919889,1E66981E181E8698E6981E98801E186098E018981E6698,UNKNOWN,,1E 66 98 1E 00 18 1E 86 98 E6 98 1E 98 80 1E 18 60 98 E0 18 98 1E 66 98,/dev/cu.usbserial-110
2025-12-15T17:03:36.921092+00:00,1765818216.921092,1E181E8698E6981E98801E186098E018981E66981E18,UNKNOWN,,1E 00 18 1E 86 98 E6 98 1E 98 80 1E 18 60 98 E0 18 98 1E 66 98 1E 00 18,/dev/cu.usbserial-110
2025-12-15T17:03:36.921847+00:00,1765818216.921847,1E8698E6981E98801E186098E018981E66981E181E8698,UNKNOWN,,1E 86 98 E6 98 1E 98 80 1E 18 60 98 E0 18 98 1E 66 98 1E 00 18 1E 86 98,/dev/cu.usbserial-110
2025-12-15T17:03:37.710278+00:00,1765818217.710278,186098E018981E66981E181E8698E6981E98801E186098,UNKNOWN,,18 60 98 E0 18 98 1E 66 98 1E 00 18 1E 86 98 E6 98 1E 98 80 1E 18 60 98,/dev/cu.usbserial-110
2025-12-15T17:03:37.712962+00:00,1765818217.712962,E018981E66981E181E8698E6981E98801E186098E01898,UNKNOWN,,E0 18 98 1E 66 98 1E 00 18 1E 86 98 E6 98 1E 98 80 1E 18 60 98 E0 18 98,/dev/cu.usbserial-110
2025-12-15T17:03:37.728266+00:00,1765818217.728266,1E66981E181E8698E6981E98801E186098E018981E6698,UNKNOWN,,1E 66 98 1E 00 18 1E 86 98 E6 98 1E 98 80 1E 18 60 98 E0 18 98 1E 66 98,/dev/cu.usbserial-110
2025-12-15T17:03:37.730871+00:00,1765818217.730871,1E181E8698E6981E98801E186098E018981E66981E18,UNKNOWN,,1E 00 18 1E 86 98 E6 98 1E 98 80 1E 18 60 98 E0 18 98 1E 66 98 1E 00 18,/dev/cu.usbserial-110
2025-12-15T17:03:37.733001+00:00,1765818217.733001,1E8698E6981E98801E186098E018981E66981E181E8698,UNKNOWN,,1E 86 98 E6 98 1E 98 80 1E 18 60 98 E0 18 98 1E 66 98 1E 00 18 1E 86 98,/dev/cu.usbserial-110
2025-12-15T17:03:37.734397+00:00,1765818217.734397,E6981E98801E186098E018981E66981E181E8698E6981E,UNKNOWN,,E6 98 1E 98 80 1E 18 60 98 E0 18 98 1E 66 98 1E 00 18 1E 86 98 E6 98 1E,/dev/cu.usbserial-110
2025-12-15T17:03:37.735598+00:00,1765818217.735598,98801E186098E018981E66981E181E8698E6981E98801E,UNKNOWN,,98 80 1E 18 60 98 E0 18 98 1E 66 98 1E 00 18 1E 86 98 E6 98 1E 98 80 1E,/dev/cu.usbserial-110
2025-12-15T17:03:38.520846+00:00,1765818218.520846,186098E018981E66981E181E8698E6981E98801E186098,UNKNOWN,,18 60 98 E0 18 98 1E 66 98 1E 00 18 1E 86 98 E6 98 1E 98 80 1E 18 60 98,/dev/cu.usbserial-110
2025-12-15T17:03:38.525066+00:00,1765818218.525066,E018981E66981E181E8698E6981E98801E186098E01898,UNKNOWN,,E0 18 98 1E 66 98 1E 00 18 1E 86 98 E6 98 1E 98 80 1E 18 60 98 E0 18 98,/dev/cu.usbserial-110
2025-12-15T17:03:38.528406+00:00,1765818218.528406,1E66981E181E8698E6981E98801E186098E018981E6698,UNKNOWN,,1E 66 98 1E 00 18 1E 86 98 E6 98 1E 98 80 1E 18 60 98 E0 18 98 1E 66 98,/dev/cu.usbserial-110
2025-12-15T17:03:38.542430+00:00,1765818218.54243,1E181E8698E6981E98801E186098E018981E66981E18,UNKNOWN,,1E 00 18 1E 86 98 E6 98 1E 98 80 1E 18 60 98 E0 18 98 1E 66 98 1E 00 18,/dev/cu.usbserial-110
2025-12-15T17:03:38.543361+00:00,1765818218.543361,1E8698E6981E98801E186098E018981E66981E181E8698,UNKNOWN,,1E 86 98 E6 98 1E 98 80 1E 18 60 98 E0 18 98 1E 66 98 1E 00 18 1E 86 98,/dev/cu.usbserial-110
2025-12-15T17:03:38.543872+00:00,1765818218.543872,E6981E98801E186098E018981E66981E181E8698E6981E,UNKNOWN,,E6 98 1E 98 80 1E 18 60 98 E0 18 98 1E 66 98 1E 00 18 1E 86 98 E6 98 1E,/dev/cu.usbserial-110
2025-12-15T17:03:38.544495+00:00,1765818218.544495,98801E186098E018981E66981E181E8698E6981E98801E,UNKNOWN,,98 80 1E 18 60 98 E0 18 98 1E 66 98 1E 00 18 1E 86 98 E6 98 1E 98 80 1E,/dev/cu.usbserial-110
2025-12-15T17:03:39.330105+00:00,1765818219.330105,186098E018981E66981E181E8698E6981E98801E186098,UNKNOWN,,18 60 98 E0 18 98 1E 66 98 1E 00 18 1E 86 98 E6 98 1E 98 80 1E 18 60 98,/dev/cu.usbserial-110
2025-12-15T17:03:39.332888+00:00,1765818219.332888,E018981E66981E181E8698E6981E98801E186098E01898,UNKNOWN,,E0 18 98 1E 66 98 1E 00 18 1E 86 98 E6 98 1E 98 80 1E 18 60 98 E0 18 98,/dev/cu.usbserial-110
2025-12-15T17:03:39.335091+00:00,1765818219.335091,1E66981E181E8698E6981E98801E186098E018981E6698,UNKNOWN,,1E 66 98 1E 00 18 1E 86 98 E6 98 1E 98 80 1E 18 60 98 E0 18 98 1E 66 98,/dev/cu.usbserial-110
2025-12-15T17:03:39.351310+00:00,1765818219.35131,1E8698E6981E98801E186098E018981E66981E181E8698,UNKNOWN,,1E 86 98 E6 98 1E 98 80 1E 18 60 98 E0 18 98 1E 66 98 1E 00 18 1E 86 98,/dev/cu.usbserial-110
2025-12-15T17:03:39.353396+00:00,1765818219.353396,E6981E98801E186098E018981E66981E181E8698E6981E,UNKNOWN,,E6 98 1E 98 80 1E 18 60 98 E0 18 98 1E 66 98 1E 00 18 1E 86 98 E6 98 1E,/dev/cu.usbserial-110
2025-12-15T17:03:39.355155+00:00,1765818219.355155,98801E186098E018981E66981E181E8698E6981E98801E,UNKNOWN,,98 80 1E 18 60 98 E0 18 98 1E 66 98 1E 00 18 1E 86 98 E6 98 1E 98 80 1E,/dev/cu.usbserial-110
2025-12-15T17:03:39.356375+00:00,1765818219.356375,1E181E8698E6981E98801E186098E018981E66981E18,UNKNOWN,,1E 00 18 1E 86 98 E6 98 1E 98 80 1E 18 60 98 E0 18 98 1E 66 98 1E 00 18,/dev/cu.usbserial-110
2025-12-15T17:03:40.130352+00:00,1765818220.130352,186098E018981E66981E181E8698E6981E98801E186098,UNKNOWN,,18 60 98 E0 18 98 1E 66 98 1E 00 18 1E 86 98 E6 98 1E 98 80 1E 18 60 98,/dev/cu.usbserial-110
2025-12-15T17:03:40.132937+00:00,1765818220.132937,E018981E66981E181E8698E6981E98801E186098E01898,UNKNOWN,,E0 18 98 1E 66 98 1E 00 18 1E 86 98 E6 98 1E 98 80 1E 18 60 98 E0 18 98,/dev/cu.usbserial-110
2025-12-15T17:03:40.135128+00:00,1765818220.135128,1E66981E181E8698E6981E98801E186098E018981E6698,UNKNOWN,,1E 66 98 1E 00 18 1E 86 98 E6 98 1E 98 80 1E 18 60 98 E0 18 98 1E 66 98,/dev/cu.usbserial-110
2025-12-15T17:03:40.162138+00:00,1765818220.162138,E6981E98801E186098E018981E66981E181E8698E6981E,UNKNOWN,,E6 98 1E 98 80 1E 18 60 98 E0 18 98 1E 66 98 1E 00 18 1E 86 98 E6 98 1E,/dev/cu.usbserial-110
2025-12-15T17:03:40.164080+00:00,1765818220.16408,98801E186098E018981E66981E181E8698E6981E98801E,UNKNOWN,,98 80 1E 18 60 98 E0 18 98 1E 66 98 1E 00 18 1E 86 98 E6 98 1E 98 80 1E,/dev/cu.usbserial-110
2025-12-15T17:03:40.165607+00:00,1765818220.165607,1E181E8698E6981E98801E186098E018981E66981E18,UNKNOWN,,1E 00 18 1E 86 98 E6 98 1E 98 80 1E 18 60 98 E0 18 98 1E 66 98 1E 00 18,/dev/cu.usbserial-110
2025-12-15T17:03:40.166935+00:00,1765818220.166935,1E8698E6981E98801E186098E018981E66981E181E8698,UNKNOWN,,1E 86 98 E6 98 1E 98 80 1E 18 60 98 E0 18 98 1E 66 98 1E 00 18 1E 86 98,/dev/cu.usbserial-110
2025-12-15T17:03:40.936391+00:00,1765818220.936391,186098E018981E66981E181E8698E6981E98801E186098,UNKNOWN,,18 60 98 E0 18 98 1E 66 98 1E 00 18 1E 86 98 E6 98 1E 98 80 1E 18 60 98,/dev/cu.usbserial-110
2025-12-15T17:03:40.939336+00:00,1765818220.939336,E018981E66981E181E8698E6981E98801E186098E01898,UNKNOWN,,E0 18 98 1E 66 98 1E 00 18 1E 86 98 E6 98 1E 98 80 1E 18 60 98 E0 18 98,/dev/cu.usbserial-110
2025-12-15T17:03:40.940801+00:00,1765818220.940801,1E66981E181E8698E6981E98801E186098E018981E6698,UNKNOWN,,1E 66 98 1E 00 18 1E 86 98 E6 98 1E 98 80 1E 18 60 98 E0 18 98 1E 66 98,/dev/cu.usbserial-110
2025-12-15T17:03:40.970781+00:00,1765818220.970781,E6981E98801E186098E018981E66981E181E8698E6981E,UNKNOWN,,E6 98 1E 98 80 1E 18 60 98 E0 18 98 1E 66 98 1E 00 18 1E 86 98 E6 98 1E,/dev/cu.usbserial-110
2025-12-15T17:03:40.973163+00:00,1765818220.973163,98801E186098E018981E66981E181E8698E6981E98801E,UNKNOWN,,98 80 1E 18 60 98 E0 18 98 1E 66 98 1E 00 18 1E 86 98 E6 98 1E 98 80 1E,/dev/cu.usbserial-110
2025-12-15T17:03:40.974447+00:00,1765818220.974447,1E181E8698E6981E98801E186098E018981E66981E18,UNKNOWN,,1E 00 18 1E 86 98 E6 98 1E 98 80 1E 18 60 98 E0 18 98 1E 66 98 1E 00 18,/dev/cu.usbserial-110
2025-12-15T17:03:40.975792+00:00,1765818220.975792,1E8698E6981E98801E186098E018981E66981E181E8698,UNKNOWN,,1E 86 98 E6 98 1E 98 80 1E 18 60 98 E0 18 98 1E 66 98 1E 00 18 1E 86 98,/dev/cu.usbserial-110
2025-12-15T17:03:41.738946+00:00,1765818221.738946,186098E018981E66981E181E8698E6981E98801E186098,UNKNOWN,,18 60 98 E0 18 98 1E 66 98 1E 00 18 1E 86 98 E6 98 1E 98 80 1E 18 60 98,/dev/cu.usbserial-110
2025-12-15T17:03:41.742280+00:00,1765818221.74228,E018981E66981E181E8698E6981E98801E186098E01898,UNKNOWN,,E0 18 98 1E 66 98 1E 00 18 1E 86 98 E6 98 1E 98 80 1E 18 60 98 E0 18 98,/dev/cu.usbserial-110
2025-12-15T17:03:41.744057+00:00,1765818221.744057,1E66981E181E8698E6981E98801E186098E018981E6698,UNKNOWN,,1E 66 98 1E 00 18 1E 86 98 E6 98 1E 98 80 1E 18 60 98 E0 18 98 1E 66 98,/dev/cu.usbserial-110
2025-12-15T17:03:41.773201+00:00,1765818221.773201,98801E186098E018981E66981E181E8698E6981E98801E,UNKNOWN,,98 80 1E 18 60 98 E0 18 98 1E 66 98 1E 00 18 1E 86 98 E6 98 1E 98 80 1E,/dev/cu.usbserial-110
2025-12-15T17:03:41.775550+00:00,1765818221.77555,1E181E8698E6981E98801E186098E018981E66981E18,UNKNOWN,,1E 00 18 1E 86 98 E6 98 1E 98 80 1E 18 60 98 E0 18 98 1E 66 98 1E 00 18,/dev/cu.usbserial-110
2025-12-15T17:03:41.777224+00:00,1765818221.777224,1E8698E6981E98801E186098E018981E66981E181E8698,UNKNOWN,,1E 86 98 E6 98 1E 98 80 1E 18 60 98 E0 18 98 1E 66 98 1E 00 18 1E 86 98,/dev/cu.usbserial-110
2025-12-15T17:03:41.778535+00:00,1765818221.778535,E6981E98801E186098E018981E66981E181E8698E6981E,UNKNOWN,,E6 98 1E 98 80 1E 18 60 98 E0 18 98 1E 66 98 1E 00 18 1E 86 98 E6 98 1E,/dev/cu.usbserial-110
2025-12-15T17:03:42.546008+00:00,1765818222.546008,186098E018981E66981E181E8698E6981E98801E186098,UNKNOWN,,18 60 98 E0 18 98 1E 66 98 1E 00 18 1E 86 98 E6 98 1E 98 80 1E 18 60 98,/dev/cu.usbserial-110
2025-12-15T17:03:42.548148+00:00,1765818222.548148,E018981E66981E181E8698E6981E98801E186098E01898,UNKNOWN,,E0 18 98 1E 66 98 1E 00 18 1E 86 98 E6 98 1E 98 80 1E 18 60 98 E0 18 98,/dev/cu.usbserial-110
2025-12-15T17:03:42.549609+00:00,1765818222.549609,1E66981E181E8698E6981E98801E186098E018981E6698,UNKNOWN,,1E 66 98 1E 00 18 1E 86 98 E6 98 1E 98 80 1E 18 60 98 E0 18 98 1E 66 98,/dev/cu.usbserial-110
2025-12-15T17:03:42.578063+00:00,1765818222.578063,1E181E8698E6981E98801E186098E018981E66981E18,UNKNOWN,,1E 00 18 1E 86 98 E6 98 1E 98 80 1E 18 60 98 E0 18 98 1E 66 98 1E 00 18,/dev/cu.usbserial-110
2025-12-15T17:03:42.580738+00:00,1765818222.580738,1E8698E6981E98801E186098E018981E66981E181E8698,UNKNOWN,,1E 86 98 E6 98 1E 98 80 1E 18 60 98 E0 18 98 1E 66 98 1E 00 18 1E 86 98,/dev/cu.usbserial-110
2025-12-15T17:03:42.582867+00:00,1765818222.582867,E6981E98801E186098E018981E66981E181E8698E6981E,UNKNOWN,,E6 98 1E 98 80 1E 18 60 98 E0 18 98 1E 66 98 1E 00 18 1E 86 98 E6 98 1E,/dev/cu.usbserial-110
2025-12-15T17:03:42.584549+00:00,1765818222.584549,98801E186098E018981E66981E181E8698E6981E98801E,UNKNOWN,,98 80 1E 18 60 98 E0 18 98 1E 66 98 1E 00 18 1E 86 98 E6 98 1E 98 80 1E,/dev/cu.usbserial-110
2025-12-15T17:03:43.352601+00:00,1765818223.352601,186098E018981E66981E181E8698E6981E98801E186098,UNKNOWN,,18 60 98 E0 18 98 1E 66 98 1E 00 18 1E 86 98 E6 98 1E 98 80 1E 18 60 98,/dev/cu.usbserial-110
2025-12-15T17:03:43.356087+00:00,1765818223.356087,E018981E66981E181E8698E6981E98801E186098E01898,UNKNOWN,,E0 18 98 1E 66 98 1E 00 18 1E 86 98 E6 98 1E 98 80 1E 18 60 98 E0 18 98,/dev/cu.usbserial-110
2025-12-15T17:03:43.358116+00:00,1765818223.358116,1E66981E181E8698E6981E98801E186098E018981E6698,UNKNOWN,,1E 66 98 1E 00 18 1E 86 98 E6 98 1E 98 80 1E 18 60 98 E0 18 98 1E 66 98,/dev/cu.usbserial-110
2025-12-15T17:03:43.388044+00:00,1765818223.388044,1E181E8698E6981E98801E186098E018981E66981E18,UNKNOWN,,1E 00 18 1E 86 98 E6 98 1E 98 80 1E 18 60 98 E0 18 98 1E 66 98 1E 00 18,/dev/cu.usbserial-110
2025-12-15T17:03:43.390351+00:00,1765818223.390351,1E8698E6981E98801E186098E018981E66981E181E8698,UNKNOWN,,1E 86 98 E6 98 1E 98 80 1E 18 60 98 E0 18 98 1E 66 98 1E 00 18 1E 86 98,/dev/cu.usbserial-110
2025-12-15T17:03:43.391847+00:00,1765818223.391847,E6981E98801E186098E018981E66981E181E8698E6981E,UNKNOWN,,E6 98 1E 98 80 1E 18 60 98 E0 18 98 1E 66 98 1E 00 18 1E 86 98 E6 98 1E,/dev/cu.usbserial-110
2025-12-15T17:03:43.392933+00:00,1765818223.392933,98801E186098E018981E66981E181E8698E6981E98801E,UNKNOWN,,98 80 1E 18 60 98 E0 18 98 1E 66 98 1E 00 18 1E 86 98 E6 98 1E 98 80 1E,/dev/cu.usbserial-110
2025-12-15T17:03:44.153977+00:00,1765818224.153977,186098E018981E66981E181E8698E6981E98801E186098,UNKNOWN,,18 60 98 E0 18 98 1E 66 98 1E 00 18 1E 86 98 E6 98 1E 98 80 1E 18 60 98,/dev/cu.usbserial-110
2025-12-15T17:03:44.156143+00:00,1765818224.156143,E018981E66981E181E8698E6981E98801E186098E01898,UNKNOWN,,E0 18 98 1E 66 98 1E 00 18 1E 86 98 E6 98 1E 98 80 1E 18 60 98 E0 18 98,/dev/cu.usbserial-110
2025-12-15T17:03:44.158239+00:00,1765818224.158239,1E66981E181E8698E6981E98801E186098E018981E6698,UNKNOWN,,1E 66 98 1E 00 18 1E 86 98 E6 98 1E 98 80 1E 18 60 98 E0 18 98 1E 66 98,/dev/cu.usbserial-110
2025-12-15T17:03:44.199285+00:00,1765818224.199285,1E181E8698E6981E98801E186098E018981E66981E18,UNKNOWN,,1E 00 18 1E 86 98 E6 98 1E 98 80 1E 18 60 98 E0 18 98 1E 66 98 1E 00 18,/dev/cu.usbserial-110
2025-12-15T17:03:44.201705+00:00,1765818224.201705,1E8698E6981E98801E186098E018981E66981E181E8698,UNKNOWN,,1E 86 98 E6 98 1E 98 80 1E 18 60 98 E0 18 98 1E 66 98 1E 00 18 1E 86 98,/dev/cu.usbserial-110
2025-12-15T17:03:44.203251+00:00,1765818224.203251,E6981E98801E186098E018981E66981E181E8698E6981E,UNKNOWN,,E6 98 1E 98 80 1E 18 60 98 E0 18 98 1E 66 98 1E 00 18 1E 86 98 E6 98 1E,/dev/cu.usbserial-110
2025-12-15T17:03:44.204368+00:00,1765818224.204368,98801E186098E018981E66981E181E8698E6981E98801E,UNKNOWN,,98 80 1E 18 60 98 E0 18 98 1E 66 98 1E 00 18 1E 86 98 E6 98 1E 98 80 1E,/dev/cu.usbserial-110
2025-12-15T17:03:44.954348+00:00,1765818224.954348,186098E018981E66981E181E8698E6981E98801E186098,UNKNOWN,,18 60 98 E0 18 98 1E 66 98 1E 00 18 1E 86 98 E6 98 1E 98 80 1E 18 60 98,/dev/cu.usbserial-110
2025-12-15T17:03:44.956318+00:00,1765818224.956318,E018981E66981E181E8698E6981E98801E186098E01898,UNKNOWN,,E0 18 98 1E 66 98 1E 00 18 1E 86 98 E6 98 1E 98 80 1E 18 60 98 E0 18 98,/dev/cu.usbserial-110
2025-12-15T17:03:44.958290+00:00,1765818224.95829,1E66981E181E8698E6981E98801E186098E018981E6698,UNKNOWN,,1E 66 98 1E 00 18 1E 86 98 E6 98 1E 98 80 1E 18 60 98 E0 18 98 1E 66 98,/dev/cu.usbserial-110
2025-12-15T17:03:45.003792+00:00,1765818225.003792,1E181E8698E6981E98801E186098E018981E66981E18,UNKNOWN,,1E 00 18 1E 86 98 E6 98 1E 98 80 1E 18 60 98 E0 18 98 1E 66 98 1E 00 18,/dev/cu.usbserial-110
2025-12-15T17:03:45.004485+00:00,1765818225.004485,1E8698E6981E98801E186098E018981E66981E181E8698,UNKNOWN,,1E 86 98 E6 98 1E 98 80 1E 18 60 98 E0 18 98 1E 66 98 1E 00 18 1E 86 98,/dev/cu.usbserial-110
2025-12-15T17:03:45.004895+00:00,1765818225.004895,E6981E98801E186098E018981E66981E181E8698E6981E,UNKNOWN,,E6 98 1E 98 80 1E 18 60 98 E0 18 98 1E 66 98 1E 00 18 1E 86 98 E6 98 1E,/dev/cu.usbserial-110
2025-12-15T17:03:45.005266+00:00,1765818225.005266,98801E186098E018981E66981E181E8698E6981E98801E,UNKNOWN,,98 80 1E 18 60 98 E0 18 98 1E 66 98 1E 00 18 1E 86 98 E6 98 1E 98 80 1E,/dev/cu.usbserial-110
2025-12-15T17:05:04.539370+00:00,1765818304.53937,186098E018981E66981E181E8698E6981E98801E186098,UNKNOWN,,18 60 98 E0 18 98 1E 66 98 1E 00 18 1E 86 98 E6 98 1E 98 80 1E 18 60 98,/dev/cu.usbserial-110
2025-12-15T17:05:04.540423+00:00,1765818304.540423,E018981E66981E181E8698E6981E98801E,UNKNOWN,,E0 18 98 1E 66 98 1E 00 18 1E 86 98 E6 98 1E 98 80 1E,/dev/cu.usbserial-110
2025-12-15T17:05:04.553482+00:00,1765818304.553482,E018981E66981E181E8698E6981E98801E186098E01898,UNKNOWN,,E0 18 98 1E 66 98 1E 00 18 1E 86 98 E6 98 1E 98 80 1E 18 60 98 E0 18 98,/dev/cu.usbserial-110
2025-12-15T17:05:04.553933+00:00,1765818304.553933,1E66981E181E8698E6981E98801E186098E018981E6698,UNKNOWN,,1E 66 98 1E 00 18 1E 86 98 E6 98 1E 98 80 1E 18 60 98 E0 18 98 1E 66 98,/dev/cu.usbserial-110
2025-12-15T17:05:04.554381+00:00,1765818304.554381,1E181E8698E6981E98801E186098E018981E66981E18,UNKNOWN,,1E 00 18 1E 86 98 E6 98 1E 98 80 1E 18 60 98 E0 18 98 1E 66 98 1E 00 18,/dev/cu.usbserial-110
2025-12-15T17:05:04.554688+00:00,1765818304.554688,1E8698E6981E98801E186098E018981E66981E181E8698,UNKNOWN,,1E 86 98 E6 98 1E 98 80 1E 18 60 98 E0 18 98 1E 66 98 1E 00 18 1E 86 98,/dev/cu.usbserial-110
2025-12-15T17:05:04.554992+00:00,1765818304.554992,E6981E98801E186098E018981E66981E181E8698E6981E,UNKNOWN,,E6 98 1E 98 80 1E 18 60 98 E0 18 98 1E 66 98 1E 00 18 1E 86 98 E6 98 1E,/dev/cu.usbserial-110
2025-12-15T17:05:04.555287+00:00,1765818304.555287,98801E186098E018981E66981E181E8698E6981E98801E,UNKNOWN,,98 80 1E 18 60 98 E0 18 98 1E 66 98 1E 00 18 1E 86 98 E6 98 1E 98 80 1E,/dev/cu.usbserial-110
2025-12-15T17:05:05.346667+00:00,1765818305.346667,186098E018981E66981E181E8698E6981E98801E186098,UNKNOWN,,18 60 98 E0 18 98 1E 66 98 1E 00 18 1E 86 98 E6 98 1E 98 80 1E 18 60 98,/dev/cu.usbserial-110
2025-12-15T17:05:05.362905+00:00,1765818305.362905,1E181E8698E6981E98801E186098E018981E66981E18,UNKNOWN,,1E 00 18 1E 86 98 E6 98 1E 98 80 1E 18 60 98 E0 18 98 1E 66 98 1E 00 18,/dev/cu.usbserial-110
2025-12-15T17:05:05.363753+00:00,1765818305.363753,1E8698E6981E98801E186098E018981E66981E181E8698,UNKNOWN,,1E 86 98 E6 98 1E 98 80 1E 18 60 98 E0 18 98 1E 66 98 1E 00 18 1E 86 98,/dev/cu.usbserial-110
2025-12-15T17:05:05.364305+00:00,1765818305.364305,E6981E98801E186098E018981E66981E181E8698E6981E,UNKNOWN,,E6 98 1E 98 80 1E 18 60 98 E0 18 98 1E 66 98 1E 00 18 1E 86 98 E6 98 1E,/dev/cu.usbserial-110
2025-12-15T17:05:05.364685+00:00,1765818305.364685,98801E186098E018981E66981E181E8698E6981E98801E,UNKNOWN,,98 80 1E 18 60 98 E0 18 98 1E 66 98 1E 00 18 1E 86 98 E6 98 1E 98 80 1E,/dev/cu.usbserial-110
2025-12-15T17:05:05.365087+00:00,1765818305.365087,E018981E66981E181E8698E6981E98801E186098E01898,UNKNOWN,,E0 18 98 1E 66 98 1E 00 18 1E 86 98 E6 98 1E 98 80 1E 18 60 98 E0 18 98,/dev/cu.usbserial-110
2025-12-15T17:05:05.365523+00:00,1765818305.365523,1E66981E181E8698E6981E98801E186098E018981E6698,UNKNOWN,,1E 66 98 1E 00 18 1E 86 98 E6 98 1E 98 80 1E 18 60 98 E0 18 98 1E 66 98,/dev/cu.usbserial-110
2025-12-15T17:05:06.150829+00:00,1765818306.150829,186098E018981E66981E181E8698E6981E98801E186098,UNKNOWN,,18 60 98 E0 18 98 1E 66 98 1E 00 18 1E 86 98 E6 98 1E 98 80 1E 18 60 98,/dev/cu.usbserial-110
2025-12-15T17:05:06.167410+00:00,1765818306.16741,1E8698E6981E98801E186098E018981E66981E181E8698,UNKNOWN,,1E 86 98 E6 98 1E 98 80 1E 18 60 98 E0 18 98 1E 66 98 1E 00 18 1E 86 98,/dev/cu.usbserial-110
2025-12-15T17:05:06.169475+00:00,1765818306.169475,E6981E98801E186098E018981E66981E181E8698E6981E,UNKNOWN,,E6 98 1E 98 80 1E 18 60 98 E0 18 98 1E 66 98 1E 00 18 1E 86 98 E6 98 1E,/dev/cu.usbserial-110
2025-12-15T17:05:06.171021+00:00,1765818306.171021,98801E186098E018981E66981E181E8698E6981E98801E,UNKNOWN,,98 80 1E 18 60 98 E0 18 98 1E 66 98 1E 00 18 1E 86 98 E6 98 1E 98 80 1E,/dev/cu.usbserial-110
2025-12-15T17:05:06.172005+00:00,1765818306.172005,E018981E66981E181E8698E6981E98801E186098E01898,UNKNOWN,,E0 18 98 1E 66 98 1E 00 18 1E 86 98 E6 98 1E 98 80 1E 18 60 98 E0 18 98,/dev/cu.usbserial-110
2025-12-15T17:05:06.173253+00:00,1765818306.173253,1E66981E181E8698E6981E98801E186098E018981E6698,UNKNOWN,,1E 66 98 1E 00 18 1E 86 98 E6 98 1E 98 80 1E 18 60 98 E0 18 98 1E 66 98,/dev/cu.usbserial-110
2025-12-15T17:05:06.174816+00:00,1765818306.174816,1E181E8698E6981E98801E186098E018981E66981E18,UNKNOWN,,1E 00 18 1E 86 98 E6 98 1E 98 80 1E 18 60 98 E0 18 98 1E 66 98 1E 00 18,/dev/cu.usbserial-110
2025-12-15T17:05:06.956112+00:00,1765818306.956112,186098E018981E66981E181E8698E6981E98801E186098,UNKNOWN,,18 60 98 E0 18 98 1E 66 98 1E 00 18 1E 86 98 E6 98 1E 98 80 1E 18 60 98,/dev/cu.usbserial-110
2025-12-15T17:05:06.972411+00:00,1765818306.972411,E6981E98801E186098E018981E66981E181E8698E6981E,UNKNOWN,,E6 98 1E 98 80 1E 18 60 98 E0 18 98 1E 66 98 1E 00 18 1E 86 98 E6 98 1E,/dev/cu.usbserial-110
2025-12-15T17:05:06.973954+00:00,1765818306.973954,98801E186098E018981E66981E181E8698E6981E98801E,UNKNOWN,,98 80 1E 18 60 98 E0 18 98 1E 66 98 1E 00 18 1E 86 98 E6 98 1E 98 80 1E,/dev/cu.usbserial-110
2025-12-15T17:05:06.975204+00:00,1765818306.975204,E018981E66981E181E8698E6981E98801E186098E01898,UNKNOWN,,E0 18 98 1E 66 98 1E 00 18 1E 86 98 E6 98 1E 98 80 1E 18 60 98 E0 18 98,/dev/cu.usbserial-110
2025-12-15T17:05:06.976362+00:00,1765818306.976362,1E66981E181E8698E6981E98801E186098E018981E6698,UNKNOWN,,1E 66 98 1E 00 18 1E 86 98 E6 98 1E 98 80 1E 18 60 98 E0 18 98 1E 66 98,/dev/cu.usbserial-110
2025-12-15T17:05:06.977720+00:00,1765818306.97772,1E181E8698E6981E98801E186098E018981E66981E18,UNKNOWN,,1E 00 18 1E 86 98 E6 98 1E 98 80 1E 18 60 98 E0 18 98 1E 66 98 1E 00 18,/dev/cu.usbserial-110
2025-12-15T17:05:06.978888+00:00,1765818306.978888,1E8698E6981E98801E186098E018981E66981E181E8698,UNKNOWN,,1E 86 98 E6 98 1E 98 80 1E 18 60 98 E0 18 98 1E 66 98 1E 00 18 1E 86 98,/dev/cu.usbserial-110
2025-12-15T17:05:07.757539+00:00,1765818307.757539,186098E018981E66981E181E8698E6981E98801E186098,UNKNOWN,,18 60 98 E0 18 98 1E 66 98 1E 00 18 1E 86 98 E6 98 1E 98 80 1E 18 60 98,/dev/cu.usbserial-110
2025-12-15T17:05:07.773024+00:00,1765818307.773024,E6981E98801E186098E018981E66981E181E8698E6981E,UNKNOWN,,E6 98 1E 98 80 1E 18 60 98 E0 18 98 1E 66 98 1E 00 18 1E 86 98 E6 98 1E,/dev/cu.usbserial-110
2025-12-15T17:05:07.774881+00:00,1765818307.774881,98801E186098E018981E66981E181E8698E6981E98801E,UNKNOWN,,98 80 1E 18 60 98 E0 18 98 1E 66 98 1E 00 18 1E 86 98 E6 98 1E 98 80 1E,/dev/cu.usbserial-110
2025-12-15T17:05:07.776504+00:00,1765818307.776504,E018981E66981E181E8698E6981E98801E186098E01898,UNKNOWN,,E0 18 98 1E 66 98 1E 00 18 1E 86 98 E6 98 1E 98 80 1E 18 60 98 E0 18 98,/dev/cu.usbserial-110
2025-12-15T17:05:07.777662+00:00,1765818307.777662,1E66981E181E8698E6981E98801E186098E018981E6698,UNKNOWN,,1E 66 98 1E 00 18 1E 86 98 E6 98 1E 98 80 1E 18 60 98 E0 18 98 1E 66 98,/dev/cu.usbserial-110
2025-12-15T17:05:07.778921+00:00,1765818307.778921,1E181E8698E6981E98801E186098E018981E66981E18,UNKNOWN,,1E 00 18 1E 86 98 E6 98 1E 98 80 1E 18 60 98 E0 18 98 1E 66 98 1E 00 18,/dev/cu.usbserial-110
2025-12-15T17:05:07.780467+00:00,1765818307.780467,1E8698E6981E98801E186098E018981E66981E181E8698,UNKNOWN,,1E 86 98 E6 98 1E 98 80 1E 18 60 98 E0 18 98 1E 66 98 1E 00 18 1E 86 98,/dev/cu.usbserial-110
2025-12-15T17:05:08.564583+00:00,1765818308.564583,186098E018981E66981E181E8698E6981E98801E186098,UNKNOWN,,18 60 98 E0 18 98 1E 66 98 1E 00 18 1E 86 98 E6 98 1E 98 80 1E 18 60 98,/dev/cu.usbserial-110
2025-12-15T17:05:08.580022+00:00,1765818308.580022,E018981E66981E181E8698E6981E98801E186098E01898,UNKNOWN,,E0 18 98 1E 66 98 1E 00 18 1E 86 98 E6 98 1E 98 80 1E 18 60 98 E0 18 98,/dev/cu.usbserial-110
2025-12-15T17:05:08.581415+00:00,1765818308.581415,1E66981E181E8698E6981E98801E186098E018981E6698,UNKNOWN,,1E 66 98 1E 00 18 1E 86 98 E6 98 1E 98 80 1E 18 60 98 E0 18 98 1E 66 98,/dev/cu.usbserial-110
2025-12-15T17:05:08.582783+00:00,1765818308.582783,1E181E8698E6981E98801E186098E018981E66981E18,UNKNOWN,,1E 00 18 1E 86 98 E6 98 1E 98 80 1E 18 60 98 E0 18 98 1E 66 98 1E 00 18,/dev/cu.usbserial-110
2025-12-15T17:05:08.583720+00:00,1765818308.58372,1E8698E6981E98801E186098E018981E66981E181E8698,UNKNOWN,,1E 86 98 E6 98 1E 98 80 1E 18 60 98 E0 18 98 1E 66 98 1E 00 18 1E 86 98,/dev/cu.usbserial-110
2025-12-15T17:05:08.584667+00:00,1765818308.584667,E6981E98801E186098E018981E66981E181E8698E6981E,UNKNOWN,,E6 98 1E 98 80 1E 18 60 98 E0 18 98 1E 66 98 1E 00 18 1E 86 98 E6 98 1E,/dev/cu.usbserial-110
2025-12-15T17:05:08.585719+00:00,1765818308.585719,98801E186098E018981E66981E181E8698E6981E98801E,UNKNOWN,,98 80 1E 18 60 98 E0 18 98 1E 66 98 1E 00 18 1E 86 98 E6 98 1E 98 80 1E,/dev/cu.usbserial-110
2025-12-15T17:05:09.365843+00:00,1765818309.365843,186098E018981E66981E181E8698E6981E98801E186098,UNKNOWN,,18 60 98 E0 18 98 1E 66 98 1E 00 18 1E 86 98 E6 98 1E 98 80 1E 18 60 98,/dev/cu.usbserial-110
2025-12-15T17:05:09.380049+00:00,1765818309.380049,E018981E66981E181E8698E6981E98801E186098E01898,UNKNOWN,,E0 18 98 1E 66 98 1E 00 18 1E 86 98 E6 98 1E 98 80 1E 18 60 98 E0 18 98,/dev/cu.usbserial-110
2025-12-15T17:05:09.381463+00:00,1765818309.381463,1E66981E181E8698E6981E98801E186098E018981E6698,UNKNOWN,,1E 66 98 1E 00 18 1E 86 98 E6 98 1E 98 80 1E 18 60 98 E0 18 98 1E 66 98,/dev/cu.usbserial-110
2025-12-15T17:05:09.394637+00:00,1765818309.394637,1E181E8698E6981E98801E186098E018981E66981E18,UNKNOWN,,1E 00 18 1E 86 98 E6 98 1E 98 80 1E 18 60 98 E0 18 98 1E 66 98 1E 00 18,/dev/cu.usbserial-110
2025-12-15T17:05:09.396312+00:00,1765818309.396312,1E8698E6981E98801E186098E018981E66981E181E8698,UNKNOWN,,1E 86 98 E6 98 1E 98 80 1E 18 60 98 E0 18 98 1E 66 98 1E 00 18 1E 86 98,/dev/cu.usbserial-110
2025-12-15T17:05:09.397410+00:00,1765818309.39741,E6981E98801E186098E018981E66981E181E8698E6981E,UNKNOWN,,E6 98 1E 98 80 1E 18 60 98 E0 18 98 1E 66 98 1E 00 18 1E 86 98 E6 98 1E,/dev/cu.usbserial-110
2025-12-15T17:05:09.397760+00:00,1765818309.39776,98801E186098E018981E66981E181E8698E6981E98801E,UNKNOWN,,98 80 1E 18 60 98 E0 18 98 1E 66 98 1E 00 18 1E 86 98 E6 98 1E 98 80 1E,/dev/cu.usbserial-110
2025-12-15T17:05:10.170080+00:00,1765818310.17008,186098E018981E66981E181E8698E6981E98801E186098,UNKNOWN,,18 60 98 E0 18 98 1E 66 98 1E 00 18 1E 86 98 E6 98 1E 98 80 1E 18 60 98,/dev/cu.usbserial-110
2025-12-15T17:05:10.184104+00:00,1765818310.184104,E018981E66981E181E8698E6981E98801E186098E01898,UNKNOWN,,E0 18 98 1E 66 98 1E 00 18 1E 86 98 E6 98 1E 98 80 1E 18 60 98 E0 18 98,/dev/cu.usbserial-110
2025-12-15T17:05:10.184824+00:00,1765818310.184824,1E66981E181E8698E6981E98801E186098E018981E6698,UNKNOWN,,1E 66 98 1E 00 18 1E 86 98 E6 98 1E 98 80 1E 18 60 98 E0 18 98 1E 66 98,/dev/cu.usbserial-110
2025-12-15T17:05:10.198388+00:00,1765818310.198388,98801E186098E018981E66981E181E8698E6981E98801E,UNKNOWN,,98 80 1E 18 60 98 E0 18 98 1E 66 98 1E 00 18 1E 86 98 E6 98 1E 98 80 1E,/dev/cu.usbserial-110
2025-12-15T17:05:10.199114+00:00,1765818310.199114,1E181E8698E6981E98801E186098E018981E66981E18,UNKNOWN,,1E 00 18 1E 86 98 E6 98 1E 98 80 1E 18 60 98 E0 18 98 1E 66 98 1E 00 18,/dev/cu.usbserial-110
2025-12-15T17:05:10.199557+00:00,1765818310.199557,1E8698E6981E98801E186098E018981E66981E181E8698,UNKNOWN,,1E 86 98 E6 98 1E 98 80 1E 18 60 98 E0 18 98 1E 66 98 1E 00 18 1E 86 98,/dev/cu.usbserial-110
2025-12-15T17:05:10.199968+00:00,1765818310.199968,E6981E98801E186098E018981E66981E181E8698E6981E,UNKNOWN,,E6 98 1E 98 80 1E 18 60 98 E0 18 98 1E 66 98 1E 00 18 1E 86 98 E6 98 1E,/dev/cu.usbserial-110
2025-12-15T17:05:10.972981+00:00,1765818310.972981,186098E018981E66981E181E8698E6981E98801E186098,UNKNOWN,,18 60 98 E0 18 98 1E 66 98 1E 00 18 1E 86 98 E6 98 1E 98 80 1E 18 60 98,/dev/cu.usbserial-110
2025-12-15T17:05:10.985813+00:00,1765818310.985813,1E66981E181E8698E6981E98801E186098E018981E6698,UNKNOWN,,1E 66 98 1E 00 18 1E 86 98 E6 98 1E 98 80 1E 18 60 98 E0 18 98 1E 66 98,/dev/cu.usbserial-110
2025-12-15T17:05:10.986563+00:00,1765818310.986563,E018981E66981E181E8698E6981E98801E186098E01898,UNKNOWN,,E0 18 98 1E 66 98 1E 00 18 1E 86 98 E6 98 1E 98 80 1E 18 60 98 E0 18 98,/dev/cu.usbserial-110
2025-12-15T17:05:10.999943+00:00,1765818310.999943,1E181E8698E6981E98801E186098E018981E66981E18,UNKNOWN,,1E 00 18 1E 86 98 E6 98 1E 98 80 1E 18 60 98 E0 18 98 1E 66 98 1E 00 18,/dev/cu.usbserial-110
2025-12-15T17:05:11.000587+00:00,1765818311.000587,1E8698E6981E98801E186098E018981E66981E181E8698,UNKNOWN,,1E 86 98 E6 98 1E 98 80 1E 18 60 98 E0 18 98 1E 66 98 1E 00 18 1E 86 98,/dev/cu.usbserial-110
2025-12-15T17:05:11.000990+00:00,1765818311.00099,E6981E98801E186098E018981E66981E181E8698E6981E,UNKNOWN,,E6 98 1E 98 80 1E 18 60 98 E0 18 98 1E 66 98 1E 00 18 1E 86 98 E6 98 1E,/dev/cu.usbserial-110
2025-12-15T17:05:11.001404+00:00,1765818311.001404,98801E186098E018981E66981E181E8698E6981E98801E,UNKNOWN,,98 80 1E 18 60 98 E0 18 98 1E 66 98 1E 00 18 1E 86 98 E6 98 1E 98 80 1E,/dev/cu.usbserial-110
2025-12-15T17:05:11.773083+00:00,1765818311.773083,186098E018981E66981E181E8698E6981E98801E186098,UNKNOWN,,18 60 98 E0 18 98 1E 66 98 1E 00 18 1E 86 98 E6 98 1E 98 80 1E 18 60 98,/dev/cu.usbserial-110
2025-12-15T17:05:11.786020+00:00,1765818311.78602,1E66981E181E8698E6981E98801E186098E018981E6698,UNKNOWN,,1E 66 98 1E 00 18 1E 86 98 E6 98 1E 98 80 1E 18 60 98 E0 18 98 1E 66 98,/dev/cu.usbserial-110
2025-12-15T17:05:11.787117+00:00,1765818311.787117,E018981E66981E181E8698E6981E98801E186098E01898,UNKNOWN,,E0 18 98 1E 66 98 1E 00 18 1E 86 98 E6 98 1E 98 80 1E 18 60 98 E0 18 98,/dev/cu.usbserial-110
2025-12-15T17:05:11.800606+00:00,1765818311.800606,1E181E8698E6981E98801E186098E018981E66981E18,UNKNOWN,,1E 00 18 1E 86 98 E6 98 1E 98 80 1E 18 60 98 E0 18 98 1E 66 98 1E 00 18,/dev/cu.usbserial-110
2025-12-15T17:05:11.802361+00:00,1765818311.802361,1E8698E6981E98801E186098E018981E66981E181E8698,UNKNOWN,,1E 86 98 E6 98 1E 98 80 1E 18 60 98 E0 18 98 1E 66 98 1E 00 18 1E 86 98,/dev/cu.usbserial-110
2025-12-15T17:05:11.803878+00:00,1765818311.803878,E6981E98801E186098E018981E66981E181E8698E6981E,UNKNOWN,,E6 98 1E 98 80 1E 18 60 98 E0 18 98 1E 66 98 1E 00 18 1E 86 98 E6 98 1E,/dev/cu.usbserial-110
2025-12-15T17:05:11.805569+00:00,1765818311.805569,98801E186098E018981E66981E181E8698E6981E98801E,UNKNOWN,,98 80 1E 18 60 98 E0 18 98 1E 66 98 1E 00 18 1E 86 98 E6 98 1E 98 80 1E,/dev/cu.usbserial-110
2025-12-15T17:05:35.640552+00:00,1765818335.640552,186098E018981E66981E181E8698E6981E98801E186098,UNKNOWN,,,/dev/cu.usbserial-110
2025-12-15T17:05:35.641837+00:00,1765818335.641837,E018981E66981E181E8698E6981E98801E186098E01898,UNKNOWN,,,/dev/cu.usbserial-110
2025-12-15T17:05:35.652664+00:00,1765818335.652664,1E66981E181E8698E6981E98801E186098E018981E6698,UNKNOWN,,,/dev/cu.usbserial-110
2025-12-15T17:05:35.653258+00:00,1765818335.653258,1E181E8698E6981E98801E186098E018981E66981E18,UNKNOWN,,,/dev/cu.usbserial-110
2025-12-15T17:05:35.653587+00:00,1765818335.653587,1E8698E6981E98801E186098E018981E66981E181E8698,UNKNOWN,,,/dev/cu.usbserial-110
2025-12-15T17:05:35.653929+00:00,1765818335.653929,E6981E98801E186098E018981E66981E181E8698E6981E,UNKNOWN,,,/dev/cu.usbserial-110
2025-12-15T17:05:35.654214+00:00,1765818335.654214,98801E186098E018981E66981E181E8698E6981E98801E,UNKNOWN,,,/dev/cu.usbserial-110
2025-12-15T17:05:36.452061+00:00,1765818336.452061,186098E018981E66981E181E8698E6981E98801E186098,UNKNOWN,,,/dev/cu.usbserial-110
2025-12-15T17:05:36.454541+00:00,1765818336.454541,E018981E66981E181E8698E6981E98801E186098E01898,UNKNOWN,,,/dev/cu.usbserial-110
2025-12-15T17:05:36.455236+00:00,1765818336.455236,1E66981E181E8698E6981E98801E186098E018981E6698,UNKNOWN,,,/dev/cu.usbserial-110
2025-12-15T17:05:36.455776+00:00,1765818336.455776,1E181E8698E6981E98801E186098E018981E66981E18,UNKNOWN,,,/dev/cu.usbserial-110
2025-12-15T17:05:36.456287+00:00,1765818336.456287,1E8698E6981E98801E186098E018981E66981E181E8698,UNKNOWN,,,/dev/cu.usbserial-110
2025-12-15T17:05:36.456678+00:00,1765818336.456678,E6981E98801E186098E018981E66981E181E8698E6981E,UNKNOWN,,,/dev/cu.usbserial-110
2025-12-15T17:05:36.457016+00:00,1765818336.457016,98801E186098E018981E66981E181E8698E6981E98801E,UNKNOWN,,,/dev/cu.usbserial-110
2025-12-15T17:05:37.254036+00:00,1765818337.254036,186098E018981E66981E181E8698E6981E98801E186098,UNKNOWN,,,/dev/cu.usbserial-110
2025-12-15T17:05:37.257382+00:00,1765818337.257382,E018981E66981E181E8698E6981E98801E186098E01898,UNKNOWN,,,/dev/cu.usbserial-110
2025-12-15T17:05:37.259165+00:00,1765818337.259165,1E66981E181E8698E6981E98801E186098E018981E6698,UNKNOWN,,,/dev/cu.usbserial-110
2025-12-15T17:05:37.261028+00:00,1765818337.261028,1E181E8698E6981E98801E186098E018981E66981E18,UNKNOWN,,,/dev/cu.usbserial-110
2025-12-15T17:05:37.263076+00:00,1765818337.263076,1E8698E6981E98801E186098E018981E66981E181E8698,UNKNOWN,,,/dev/cu.usbserial-110
2025-12-15T17:05:37.264619+00:00,1765818337.264619,E6981E98801E186098E018981E66981E181E8698E6981E,UNKNOWN,,,/dev/cu.usbserial-110
2025-12-15T17:05:37.265843+00:00,1765818337.265843,98801E186098E018981E66981E181E8698E6981E98801E,UNKNOWN,,,/dev/cu.usbserial-110
2025-12-15T17:05:38.057348+00:00,1765818338.057348,186098E018981E66981E181E8698E6981E98801E186098,UNKNOWN,,,/dev/cu.usbserial-110
2025-12-15T17:05:38.060138+00:00,1765818338.060138,E018981E66981E181E8698E6981E98801E186098E01898,UNKNOWN,,,/dev/cu.usbserial-110
2025-12-15T17:05:38.062187+00:00,1765818338.062187,1E66981E181E8698E6981E98801E186098E018981E6698,UNKNOWN,,,/dev/cu.usbserial-110
2025-12-15T17:05:38.064153+00:00,1765818338.064153,1E181E8698E6981E98801E186098E018981E66981E18,UNKNOWN,,,/dev/cu.usbserial-110
2025-12-15T17:05:38.065833+00:00,1765818338.065833,1E8698E6981E98801E186098E018981E66981E181E8698,UNKNOWN,,,/dev/cu.usbserial-110
2025-12-15T17:05:38.068086+00:00,1765818338.068086,E6981E98801E186098E018981E66981E181E8698E6981E,UNKNOWN,,,/dev/cu.usbserial-110
2025-12-15T17:05:38.070118+00:00,1765818338.070118,98801E186098E018981E66981E181E8698E6981E98801E,UNKNOWN,,,/dev/cu.usbserial-110
2025-12-15T17:05:38.857613+00:00,1765818338.857613,186098E018981E66981E181E8698E6981E98801E186098,UNKNOWN,,,/dev/cu.usbserial-110
2025-12-15T17:05:38.860498+00:00,1765818338.860498,E018981E66981E181E8698E6981E98801E186098E01898,UNKNOWN,,,/dev/cu.usbserial-110
2025-12-15T17:05:38.863220+00:00,1765818338.86322,1E66981E181E8698E6981E98801E186098E018981E6698,UNKNOWN,,,/dev/cu.usbserial-110
2025-12-15T17:05:38.864883+00:00,1765818338.864883,1E181E8698E6981E98801E186098E018981E66981E18,UNKNOWN,,,/dev/cu.usbserial-110
2025-12-15T17:05:38.866466+00:00,1765818338.866466,1E8698E6981E98801E186098E018981E66981E181E8698,UNKNOWN,,,/dev/cu.usbserial-110
2025-12-15T17:05:38.868122+00:00,1765818338.868122,E6981E98801E186098E018981E66981E181E8698E6981E,UNKNOWN,,,/dev/cu.usbserial-110
2025-12-15T17:05:38.880664+00:00,1765818338.880664,98801E186098E018981E66981E181E8698E6981E98801E,UNKNOWN,,,/dev/cu.usbserial-110
2025-12-15T17:05:39.663181+00:00,1765818339.663181,186098E018981E66981E181E8698E6981E98801E186098,UNKNOWN,,,/dev/cu.usbserial-110
2025-12-15T17:05:39.665878+00:00,1765818339.665878,E018981E66981E181E8698E6981E98801E186098E01898,UNKNOWN,,,/dev/cu.usbserial-110
2025-12-15T17:05:39.667317+00:00,1765818339.667317,1E66981E181E8698E6981E98801E186098E018981E6698,UNKNOWN,,,/dev/cu.usbserial-110
2025-12-15T17:05:39.668450+00:00,1765818339.66845,1E181E8698E6981E98801E186098E018981E66981E18,UNKNOWN,,,/dev/cu.usbserial-110
2025-12-15T17:05:39.670039+00:00,1765818339.670039,1E8698E6981E98801E186098E018981E66981E181E8698,UNKNOWN,,,/dev/cu.usbserial-110
2025-12-15T17:05:39.671637+00:00,1765818339.671637,E6981E98801E186098E018981E66981E181E8698E6981E,UNKNOWN,,,/dev/cu.usbserial-110
2025-12-15T17:05:39.686363+00:00,1765818339.686363,98801E186098E018981E66981E181E8698E6981E98801E,UNKNOWN,,,/dev/cu.usbserial-110
2025-12-15T17:05:40.463294+00:00,1765818340.463294,186098E018981E66981E181E8698E6981E98801E186098,UNKNOWN,,,/dev/cu.usbserial-110
2025-12-15T17:05:40.466139+00:00,1765818340.466139,E018981E66981E181E8698E6981E98801E186098E01898,UNKNOWN,,,/dev/cu.usbserial-110
2025-12-15T17:05:40.467759+00:00,1765818340.467759,1E66981E181E8698E6981E98801E186098E018981E6698,UNKNOWN,,,/dev/cu.usbserial-110
2025-12-15T17:05:40.469408+00:00,1765818340.469408,1E181E8698E6981E98801E186098E018981E66981E18,UNKNOWN,,,/dev/cu.usbserial-110
2025-12-15T17:05:40.471159+00:00,1765818340.471159,1E8698E6981E98801E186098E018981E66981E181E8698,UNKNOWN,,,/dev/cu.usbserial-110
2025-12-15T17:05:40.472788+00:00,1765818340.472788,E6981E98801E186098E018981E66981E181E8698E6981E,UNKNOWN,,,/dev/cu.usbserial-110
2025-12-15T17:05:40.487027+00:00,1765818340.487027,98801E186098E018981E66981E181E8698E6981E98801E,UNKNOWN,,,/dev/cu.usbserial-110
2025-12-15T17:05:41.266898+00:00,1765818341.266898,186098E018981E66981E181E8698E6981E98801E186098,UNKNOWN,,,/dev/cu.usbserial-110
2025-12-15T17:05:41.269448+00:00,1765818341.269448,E018981E66981E181E8698E6981E98801E186098E01898,UNKNOWN,,,/dev/cu.usbserial-110
2025-12-15T17:05:41.271488+00:00,1765818341.271488,1E66981E181E8698E6981E98801E186098E018981E6698,UNKNOWN,,,/dev/cu.usbserial-110
2025-12-15T17:05:41.273130+00:00,1765818341.27313,1E181E8698E6981E98801E186098E018981E66981E18,UNKNOWN,,,/dev/cu.usbserial-110
2025-12-15T17:05:41.274813+00:00,1765818341.274813,1E8698E6981E98801E186098E018981E66981E181E8698,UNKNOWN,,,/dev/cu.usbserial-110
2025-12-15T17:05:41.276344+00:00,1765818341.276344,E6981E98801E186098E018981E66981E181E8698E6981E,UNKNOWN,,,/dev/cu.usbserial-110
2025-12-15T17:05:41.290637+00:00,1765818341.290637,98801E186098E018981E66981E181E8698E6981E98801E,UNKNOWN,,,/dev/cu.usbserial-110
2025-12-15T17:06:23.748424+00:00,1765818383.748424,186098E018981E66981E181E8698E6981E98801E186098,UNKNOWN,,,/dev/cu.usbserial-110
2025-12-15T17:06:23.749432+00:00,1765818383.749432,E018981E66981E181E8698E6981E98801E,UNKNOWN,,,/dev/cu.usbserial-110
2025-12-15T17:06:23.762453+00:00,1765818383.762453,E018981E66981E181E8698E6981E98801E186098E01898,UNKNOWN,,,/dev/cu.usbserial-110
2025-12-15T17:06:25.756812+00:00,1765818385.756812,E6981E98801E186098E018981E66981E181E8698E6981E,UNKNOWN,,,/dev/cu.usbserial-110
2025-12-15T17:06:25.759525+00:00,1765818385.759525,98801E186098E018981E66981E181E8698E6981E98801E,UNKNOWN,,,/dev/cu.usbserial-110
2025-12-15T17:06:25.760804+00:00,1765818385.760804,186098E018981E66981E181E8698E6981E98801E186098,UNKNOWN,,,/dev/cu.usbserial-110
2025-12-15T17:06:25.762568+00:00,1765818385.762568,E018981E66981E181E8698E6981E98801E186098E01898,UNKNOWN,,,/dev/cu.usbserial-110
2025-12-15T17:06:25.763236+00:00,1765818385.763236,1E66981E181E8698E6981E98801E186098E018981E6698,UNKNOWN,,,/dev/cu.usbserial-110
2025-12-15T17:06:25.763847+00:00,1765818385.763847,1E181E8698E6981E98801E186098E018981E66981E18,UNKNOWN,,,/dev/cu.usbserial-110
2025-12-15T17:06:25.764396+00:00,1765818385.764396,1E8698E6981E98801E186098E018981E66981E181E8698,UNKNOWN,,,/dev/cu.usbserial-110
2025-12-15T17:06:26.562163+00:00,1765818386.562163,E6981E98801E186098E018981E66981E181E8698E6981E,UNKNOWN,,,/dev/cu.usbserial-110
2025-12-15T17:06:26.564142+00:00,1765818386.564142,98801E186098E018981E66981E181E8698E6981E98801E,UNKNOWN,,,/dev/cu.usbserial-110
2025-12-15T17:06:26.565370+00:00,1765818386.56537,186098E018981E66981E181E8698E6981E98801E186098,UNKNOWN,,,/dev/cu.usbserial-110
2025-12-15T17:06:26.566816+00:00,1765818386.566816,E018981E66981E181E8698E6981E98801E186098E01898,UNKNOWN,,,/dev/cu.usbserial-110
2025-12-15T17:06:26.568195+00:00,1765818386.568195,1E66981E181E8698E6981E98801E186098E018981E6698,UNKNOWN,,,/dev/cu.usbserial-110
2025-12-15T17:06:26.569889+00:00,1765818386.569889,1E181E8698E6981E98801E186098E018981E66981E18,UNKNOWN,,,/dev/cu.usbserial-110
2025-12-15T17:06:26.571094+00:00,1765818386.571094,1E8698E6981E98801E186098E018981E66981E181E8698,UNKNOWN,,,/dev/cu.usbserial-110
2025-12-15T17:06:27.364974+00:00,1765818387.364974,98801E186098E018981E66981E181E8698E6981E98801E,UNKNOWN,,,/dev/cu.usbserial-110
2025-12-15T17:06:27.366821+00:00,1765818387.366821,186098E018981E66981E181E8698E6981E98801E186098,UNKNOWN,,,/dev/cu.usbserial-110
2025-12-15T17:06:27.368165+00:00,1765818387.368165,E018981E66981E181E8698E6981E98801E186098E01898,UNKNOWN,,,/dev/cu.usbserial-110
2025-12-15T17:06:27.369004+00:00,1765818387.369004,1E66981E181E8698E6981E98801E186098E018981E6698,UNKNOWN,,,/dev/cu.usbserial-110
2025-12-15T17:06:27.370010+00:00,1765818387.37001,1E181E8698E6981E98801E186098E018981E66981E18,UNKNOWN,,,/dev/cu.usbserial-110
2025-12-15T17:06:27.371120+00:00,1765818387.37112,E6981E98801E186098E018981E66981E181E8698E6981E,UNKNOWN,,,/dev/cu.usbserial-110
2025-12-15T17:06:27.372295+00:00,1765818387.372295,1E8698E6981E98801E186098E018981E66981E181E8698,UNKNOWN,,,/dev/cu.usbserial-110
2025-12-15T17:06:28.173298+00:00,1765818388.173298,186098E018981E66981E181E8698E6981E98801E186098,UNKNOWN,,,/dev/cu.usbserial-110
2025-12-15T17:06:28.175380+00:00,1765818388.17538,E018981E66981E181E8698E6981E98801E186098E01898,UNKNOWN,,,/dev/cu.usbserial-110
2025-12-15T17:06:28.176678+00:00,1765818388.176678,1E66981E181E8698E6981E98801E186098E018981E6698,UNKNOWN,,,/dev/cu.usbserial-110
2025-12-15T17:06:28.178389+00:00,1765818388.178389,1E181E8698E6981E98801E186098E018981E66981E18,UNKNOWN,,,/dev/cu.usbserial-110
2025-12-15T17:06:28.179659+00:00,1765818388.179659,1E8698E6981E98801E186098E018981E66981E181E8698,UNKNOWN,,,/dev/cu.usbserial-110
2025-12-15T17:06:28.180238+00:00,1765818388.180238,E6981E98801E186098E018981E66981E181E8698E6981E,UNKNOWN,,,/dev/cu.usbserial-110
2025-12-15T17:06:28.180663+00:00,1765818388.180663,98801E186098E018981E66981E181E8698E6981E98801E,UNKNOWN,,,/dev/cu.usbserial-110
2025-12-15T17:06:28.983890+00:00,1765818388.98389,E018981E66981E181E8698E6981E98801E186098E01898,UNKNOWN,,,/dev/cu.usbserial-110
2025-12-15T17:06:28.986628+00:00,1765818388.986628,1E66981E181E8698E6981E98801E186098E018981E6698,UNKNOWN,,,/dev/cu.usbserial-110
2025-12-15T17:06:28.988127+00:00,1765818388.988127,1E181E8698E6981E98801E186098E018981E66981E18,UNKNOWN,,,/dev/cu.usbserial-110
2025-12-15T17:06:28.989833+00:00,1765818388.989833,1E8698E6981E98801E186098E018981E66981E181E8698,UNKNOWN,,,/dev/cu.usbserial-110
2025-12-15T17:06:28.992151+00:00,1765818388.992151,E6981E98801E186098E018981E66981E181E8698E6981E,UNKNOWN,,,/dev/cu.usbserial-110
2025-12-15T17:06:28.993894+00:00,1765818388.993894,98801E186098E018981E66981E181E8698E6981E98801E,UNKNOWN,,,/dev/cu.usbserial-110
2025-12-15T17:06:28.994937+00:00,1765818388.994937,186098E018981E66981E181E8698E6981E98801E186098,UNKNOWN,,,/dev/cu.usbserial-110
2025-12-15T17:07:39.002454+00:00,1765818459.002454,186098E018981E66981E181E8698E6981E98801E186098,UNKNOWN,,,/dev/cu.usbserial-110
2025-12-15T17:07:39.004117+00:00,1765818459.004117,E018981E66981E181E8698E6981E98801E186098E01898,UNKNOWN,,,/dev/cu.usbserial-110
2025-12-15T17:07:40.002911+00:00,1765818460.002911,98801E186098E018981E66981E181E8698E6981E98801E,UNKNOWN,,,/dev/cu.usbserial-110
2025-12-15T17:07:40.005739+00:00,1765818460.005739,186098E018981E66981E181E8698E6981E98801E186098,UNKNOWN,,,/dev/cu.usbserial-110
2025-12-15T17:07:40.006851+00:00,1765818460.006851,E018981E66981E181E8698E6981E98801E186098E01898,UNKNOWN,,,/dev/cu.usbserial-110
2025-12-15T17:07:40.007717+00:00,1765818460.007717,1E66981E181E8698E6981E98801E186098E018981E6698,UNKNOWN,,,/dev/cu.usbserial-110
2025-12-15T17:07:40.008856+00:00,1765818460.008856,1E181E8698E6981E98801E186098E018981E66981E18,UNKNOWN,,,/dev/cu.usbserial-110
2025-12-15T17:07:40.009469+00:00,1765818460.009469,1E8698E6981E98801E186098E018981E66981E181E8698,UNKNOWN,,,/dev/cu.usbserial-110
2025-12-15T17:07:40.009935+00:00,1765818460.009935,E6981E98801E186098E018981E66981E181E8698E6981E,UNKNOWN,,,/dev/cu.usbserial-110
2025-12-15T17:07:40.807781+00:00,1765818460.807781,186098E018981E66981E181E8698E6981E98801E186098,UNKNOWN,,,/dev/cu.usbserial-110
2025-12-15T17:07:40.809897+00:00,1765818460.809897,E018981E66981E181E8698E6981E98801E186098E01898,UNKNOWN,,,/dev/cu.usbserial-110
2025-12-15T17:07:40.811051+00:00,1765818460.811051,1E66981E181E8698E6981E98801E186098E018981E6698,UNKNOWN,,,/dev/cu.usbserial-110
2025-12-15T17:07:40.812213+00:00,1765818460.812213,1E181E8698E6981E98801E186098E018981E66981E18,UNKNOWN,,,/dev/cu.usbserial-110
2025-12-15T17:07:40.812742+00:00,1765818460.812742,1E8698E6981E98801E186098E018981E66981E181E8698,UNKNOWN,,,/dev/cu.usbserial-110
2025-12-15T17:07:40.813172+00:00,1765818460.813172,E6981E98801E186098E018981E66981E181E8698E6981E,UNKNOWN,,,/dev/cu.usbserial-110
2025-12-15T17:07:40.813629+00:00,1765818460.813629,98801E186098E018981E66981E181E8698E6981E98801E,UNKNOWN,,,/dev/cu.usbserial-110
2025-12-15T17:07:41.617227+00:00,1765818461.617227,E018981E66981E181E8698E6981E98801E186098E01898,UNKNOWN,,,/dev/cu.usbserial-110
2025-12-15T17:07:41.619119+00:00,1765818461.619119,1E66981E181E8698E6981E98801E186098E018981E6698,UNKNOWN,,,/dev/cu.usbserial-110
2025-12-15T17:07:41.620873+00:00,1765818461.620873,1E181E8698E6981E98801E186098E018981E66981E18,UNKNOWN,,,/dev/cu.usbserial-110
2025-12-15T17:07:41.623138+00:00,1765818461.623138,1E8698E6981E98801E186098E018981E66981E181E8698,UNKNOWN,,,/dev/cu.usbserial-110
2025-12-15T17:07:41.625098+00:00,1765818461.625098,E6981E98801E186098E018981E66981E181E8698E6981E,UNKNOWN,,,/dev/cu.usbserial-110
2025-12-15T17:07:41.626866+00:00,1765818461.626866,98801E186098E018981E66981E181E8698E6981E98801E,UNKNOWN,,,/dev/cu.usbserial-110
2025-12-15T17:07:41.628061+00:00,1765818461.628061,186098E018981E66981E181E8698E6981E98801E186098,UNKNOWN,,,/dev/cu.usbserial-110
2025-12-15T17:08:36.018605+00:00,1765818516.018605,186098E018981E66981E181E8698E6981E98801E,SEAT-001,,,/dev/cu.usbserial-110
2025-12-15T17:08:59.181731+00:00,1765818539.181731,186098E018981E66981E181E8698E6981E98801E186098,UNKNOWN,,,/dev/cu.usbserial-110
2025-12-15T17:12:52.211966+00:00,1765818772.211966,186098E018981E66981E181E8698E6981E98801E,SEAT-001,,,/dev/cu.usbserial-110
2025-12-15T17:14:41.604667+00:00,1765818881.604667,186098E018981E66981E181E8698E6981E98801E,SEAT-001,,,/dev/cu.usbserial-110
2025-12-15T17:16:11.554871+00:00,1765818971.554871,186098E018981E66981E181E8698E6981E98801E,SEAT-001,,,/dev/cu.usbserial-110
2025-12-15T17:19:22.099714+00:00,1765819162.099714,186098E018981E66981E06981E0698F8981E98801E,UNKNOWN,,,/dev/cu.usbserial-110
2025-12-15T17:21:11.990749+00:00,1765819271.990749,186098E018981E66981E181E8698E6981E98801E,SEAT-001,,18 60 98 E0 18 98 1E 66 98 1E 00 18 1E 86 98 E6 98 1E 98 80 1E,/dev/cu.usbserial-110
2025-12-15T17:21:21.816165+00:00,1765819281.816165,186098E018981E66981E181E8698E6981E98801E,SEAT-001,,,/dev/cu.usbserial-110
2025-12-15T17:21:30.276752+00:00,1765819290.276752,186098E018981E66981E06981E0698F8981E98801E,UNKNOWN,,18 60 98 E0 18 98 1E 66 98 1E 06 98 1E 06 98 F8 98 1E 98 80 1E,/dev/cu.usbserial-110
2025-12-15T17:21:30.375262+00:00,1765819290.375262,186098E018981E66981E06981E0698F8981E98801E,UNKNOWN,,,/dev/cu.usbserial-110
2025-12-15T17:21:45.835997+00:00,1765819305.835997,186098E018981E66981E181E8698E6981E98801E,SEAT-001,,,/dev/cu.usbserial-110
2025-12-15T17:21:46.133288+00:00,1765819306.133288,186098E018981E66981E181E8698E6981E98801E,SEAT-001,,18 60 98 E0 18 98 1E 66 98 1E 00 18 1E 86 98 E6 98 1E 98 80 1E,/dev/cu.usbserial-110
2025-12-15T17:21:48.286787+00:00,1765819308.286787,186098E018981E66981E06981E0698F8981E98801E,UNKNOWN,,,/dev/cu.usbserial-110
2025-12-15T17:21:49.045239+00:00,1765819309.045239,186098E018981E66981E06981E0698F8981E98801E,UNKNOWN,,18 60 98 E0 18 98 1E 66 98 1E 06 98 1E 06 98 F8 98 1E 98 80 1E,/dev/cu.usbserial-110
2025-12-15T17:24:13.941771+00:00,1765819453.941771,186098E018981E66981E181E8698E6981E98801E,SEAT-001,,18 60 98 E0 18 98 1E 66 98 1E 00 18 1E 86 98 E6 98 1E 98 80 1E,/dev/cu.usbserial-110
2025-12-15T17:24:14.133393+00:00,1765819454.133393,186098E018981E66981E181E8698E6981E98801E,SEAT-001,,,/dev/cu.usbserial-110
2025-12-15T17:24:21.289852+00:00,1765819461.289852,186098E018981E66981E06981E0698F8981E98801E,UNKNOWN,,18 60 98 E0 18 98 1E 66 98 1E 06 98 1E 06 98 F8 98 1E 98 80 1E,/dev/cu.usbserial-110
2025-12-15T17:24:22.253874+00:00,1765819462.253874,186098E018981E66981E06981E0698F8981E98801E,SEAT-002,,,/dev/cu.usbserial-110
2025-12-15T17:24:44.535772+00:00,1765819484.535772,186098E018981E66981E06981E0698F8981E98801E,UNKNOWN,,18 60 98 E0 18 98 1E 66 98 1E 06 98 1E 06 98 F8 98 1E 98 80 1E,/dev/cu.usbserial-110
2025-12-15T17:24:44.639914+00:00,1765819484.639914,186098E018981E66981E06981E0698F8981E98801E,SEAT-002,,,/dev/cu.usbserial-110
2025-12-15T17:25:02.332350+00:00,1765819502.33235,186098E018981E66981E181E8698E6981E98801E,SEAT-001,,18 60 98 E0 18 98 1E 66 98 1E 00 18 1E 86 98 E6 98 1E 98 80 1E,/dev/cu.usbserial-110
2025-12-15T17:25:02.546742+00:00,1765819502.546742,186098E018981E66981E181E8698E6981E98801E,SEAT-001,,,/dev/cu.usbserial-110
2025-12-15T17:25:05.303409+00:00,1765819505.303409,186098E018981E66981E06981E0698F8981E98801E,SEAT-002,,,/dev/cu.usbserial-110
2025-12-15T17:25:05.501334+00:00,1765819505.501334,186098E018981E66981E06981E0698F8981E98801E,UNKNOWN,,18 60 98 E0 18 98 1E 66 98 1E 06 98 1E 06 98 F8 98 1E 98 80 1E,/dev/cu.usbserial-110
2025-12-15T17:25:22.333727+00:00,1765819522.333727,186098E018981E66981E181E8698E6981E98801E,SEAT-001,,18 60 98 E0 18 98 1E 66 98 1E 00 18 1E 86 98 E6 98 1E 98 80 1E,/dev/cu.usbserial-110
2025-12-15T17:25:22.622730+00:00,1765819522.62273,186098E018981E66981E181E8698E6981E98801E,SEAT-001,,,/dev/cu.usbserial-110
2025-12-15T17:26:20.565937+00:00,1765819580.565937,186098E018981E66981E181E8698E6981E98801E,SEAT-001,,,/dev/cu.usbserial-110
2025-12-15T17:26:20.884880+00:00,1765819580.88488,186098E018981E66981E181E8698E6981E98801E,SEAT-001,,18 60 98 E0 18 98 1E 66 98 1E 00 18 1E 86 98 E6 98 1E 98 80 1E,/dev/cu.usbserial-110
2025-12-15T17:26:26.291985+00:00,1765819586.291985,186098E018981E66981E06981E0698F8981E98801E,SEAT-002,,,/dev/cu.usbserial-110
2025-12-15T17:26:26.404663+00:00,1765819586.404663,186098E018981E66981E06981E0698F8981E98801E,UNKNOWN,,18 60 98 E0 18 98 1E 66 98 1E 06 98 1E 06 98 F8 98 1E 98 80 1E,/dev/cu.usbserial-110
2025-12-15T17:26:42.945096+00:00,1765819602.945096,186098E018981E66981E181E8698E6981E98801E,SEAT-001,,18 60 98 E0 18 98 1E 66 98 1E 00 18 1E 86 98 E6 98 1E 98 80 1E,/dev/cu.usbserial-110
2025-12-15T17:26:43.068733+00:00,1765819603.068733,186098E018981E66981E181E8698E6981E98801E,SEAT-001,,,/dev/cu.usbserial-110
2025-12-15T17:26:43.337916+00:00,1765819603.337916,186098E018981E66981E06981E0698F8981E98801E,SEAT-002,,,/dev/cu.usbserial-110
2025-12-15T17:26:47.220667+00:00,1765819607.220667,186098E018981E66981E06981E0698F8981E98801E,UNKNOWN,,18 60 98 E0 18 98 1E 66 98 1E 06 98 1E 06 98 F8 98 1E 98 80 1E,/dev/cu.usbserial-110
2025-12-15T17:28:56.535752+00:00,1765819736.535752,186098E018981E66981E181E8698E6981E98801E,SEAT-001,,18 60 98 E0 18 98 1E 66 98 1E 00 18 1E 86 98 E6 98 1E 98 80 1E,/dev/cu.usbserial-110
2025-12-15T17:28:56.728223+00:00,1765819736.728223,186098E018981E66981E181E8698E6981E98801E,SEAT-001,,,/dev/cu.usbserial-110
2025-12-15T17:29:04.491763+00:00,1765819744.491763,186098E018981E66981E06981E0698F8981E98801E,UNKNOWN,,18 60 98 E0 18 98 1E 66 98 1E 06 98 1E 06 98 F8 98 1E 98 80 1E,/dev/cu.usbserial-110
2025-12-15T17:29:04.811929+00:00,1765819744.811929,186098E018981E66981E06981E0698F8981E98801E,SEAT-002,,,/dev/cu.usbserial-110
2025-12-15T17:29:10.483091+00:00,1765819750.483091,186098E018981E66981E181E8698E6981E98801E,SEAT-001,,18 60 98 E0 18 98 1E 66 98 1E 00 18 1E 86 98 E6 98 1E 98 80 1E,/dev/cu.usbserial-110
2025-12-15T17:29:11.215192+00:00,1765819751.215192,186098E018981E66981E06981E0698F8981E98801E,UNKNOWN,,18 60 98 E0 18 98 1E 66 98 1E 06 98 1E 06 98 F8 98 1E 98 80 1E,/dev/cu.usbserial-110
2025-12-15T17:29:11.288234+00:00,1765819751.288234,186098E018981E66981E181E8698E6981E98801E,SEAT-001,,18 60 98 E0 18 98 1E 66 98 1E 00 18 1E 86 98 E6 98 1E 98 80 1E,/dev/cu.usbserial-110
2025-12-15T17:29:13.571668+00:00,1765819753.571668,186098E018981E66981E06981E0698F8981E98801E,UNKNOWN,,18 60 98 E0 18 98 1E 66 98 1E 06 98 1E 06 98 F8 98 1E 98 80 1E,/dev/cu.usbserial-110
2025-12-15T17:29:13.792737+00:00,1765819753.792737,186098E018981E66981E181E8698E6981E98801E,SEAT-001,,18 60 98 E0 18 98 1E 66 98 1E 00 18 1E 86 98 E6 98 1E 98 80 1E,/dev/cu.usbserial-110
2025-12-15T17:29:16.299973+00:00,1765819756.299973,186098E018981E66981E06981E0698F8981E98801E,UNKNOWN,,18 60 98 E0 18 98 1E 66 98 1E 06 98 1E 06 98 F8 98 1E 98 80 1E,/dev/cu.usbserial-110
2025-12-15T17:31:23.453486+00:00,1765819883.453486,186098E018981E66981E18981E609878E68098801E,UNKNOWN,,,/dev/cu.usbserial-110
2025-12-15T17:31:23.567445+00:00,1765819883.567445,186098E018981E66981E18981E609878E68098801E,UNKNOWN,,18 60 98 E0 18 98 1E 66 98 1E 18 98 1E 60 98 78 E6 80 98 80 1E,/dev/cu.usbserial-110
2025-12-15T17:31:46.736108+00:00,1765819906.736108,186098E018981E66981E18981E609878E68098801E,UNKNOWN,,,/dev/cu.usbserial-110
2025-12-15T17:31:46.829561+00:00,1765819906.829561,186098E018981E66981E18981E609878E68098801E,UNKNOWN,,18 60 98 E0 18 98 1E 66 98 1E 18 98 1E 60 98 78 E6 80 98 80 1E,/dev/cu.usbserial-110
2025-12-15T17:31:54.654790+00:00,1765819914.65479,186098E018981E66981E06981E0698F8981E98801E,UNKNOWN,,18 60 98 E0 18 98 1E 66 98 1E 06 98 1E 06 98 F8 98 1E 98 80 1E,/dev/cu.usbserial-110
2025-12-15T17:31:54.749710+00:00,1765819914.74971,186098E018981E66981E06981E0698F8981E98801E,SEAT-002,,,/dev/cu.usbserial-110
2025-12-15T17:34:39.793501+00:00,1765820079.793501,186098E018981E66981E60981E8698E0981E98801E,UNKNOWN,,18 60 98 E0 18 98 1E 66 98 1E 60 98 1E 86 98 E0 98 1E 98 80 1E,/dev/cu.usbserial-110
2025-12-15T17:34:39.985218+00:00,1765820079.985218,186098E018981E66981E18981E609878E68098801E,UNKNOWN,,18 60 98 E0 18 98 1E 66 98 1E 18 98 1E 60 98 78 E6 80 98 80 1E,/dev/cu.usbserial-110
2025-12-15T17:34:40.061952+00:00,1765820080.061952,186098E018981E66981E60981E8698E0981E98801E,UNKNOWN,,,/dev/cu.usbserial-110
2025-12-15T17:34:40.213981+00:00,1765820080.213981,186098E018981E66981E18981E609878E68098801E,SEAT-003,,,/dev/cu.usbserial-110
2025-12-15T17:35:07.104295+00:00,1765820107.104295,186098E018981E66981E1E981E78981EE68098801E,UNKNOWN,,18 60 98 E0 18 98 1E 66 98 1E 1E 98 1E 78 98 1E E6 80 98 80 1E,/dev/cu.usbserial-110
2025-12-15T17:35:09.134408+00:00,1765820109.134408,186098E018981E66981E18981E609878E68098801E,UNKNOWN,,18 60 98 E0 18 98 1E 66 98 1E 18 98 1E 60 98 78 E6 80 98 80 1E,/dev/cu.usbserial-110
2025-12-15T17:35:12.605520+00:00,1765820112.60552,186098E018981E66981E60981E8698E0981E98801E,UNKNOWN,,18 60 98 E0 18 98 1E 66 98 1E 60 98 1E 86 98 E0 98 1E 98 80 1E,/dev/cu.usbserial-110
2025-12-15T17:36:21.887258+00:00,1765820181.887258,186098E018981E66981E18981E609878E68098801E,SEAT-003,,,/dev/cu.usbserial-110
2025-12-15T17:36:22.103272+00:00,1765820182.103272,186098E018981E66981E18981E609878E68098801E,UNKNOWN,,18 60 98 E0 18 98 1E 66 98 1E 18 98 1E 60 98 78 E6 80 98 80 1E,/dev/cu.usbserial-110
2025-12-15T17:46:07.016455+00:00,1765820767.016455,186098E018981E66981E06981E0698F8981E98801E,SEAT-002,,,/dev/cu.usbserial-110
2025-12-15T17:46:07.103842+00:00,1765820767.103842,186098E018981E66981E06981E0698F8981E98801E,UNKNOWN,,18 60 98 E0 18 98 1E 66 98 1E 06 98 1E 06 98 F8 98 1E 98 80 1E,/dev/cu.usbserial-110
2025-12-15T17:46:12.808680+00:00,1765820772.80868,186098E018981E66981E18981E609878E68098801E,UNKNOWN,,18 60 98 E0 18 98 1E 66 98 1E 18 98 1E 60 98 78 E6 80 98 80 1E,/dev/cu.usbserial-110
2025-12-15T17:46:12.994560+00:00,1765820772.99456,186098E018981E66981E18981E609878E68098801E,SEAT-003,,,/dev/cu.usbserial-110
2025-12-15T17:46:20.399436+00:00,1765820780.399436,186098E018981E66981E181E8698E6981E98801E,SEAT-001,,18 60 98 E0 18 98 1E 66 98 1E 00 18 1E 86 98 E6 98 1E 98 80 1E,/dev/cu.usbserial-110
2025-12-15T17:46:21.012285+00:00,1765820781.012285,186098E018981E66981E181E8698E6981E98801E,SEAT-001,,,/dev/cu.usbserial-110
2025-12-15T17:46:36.808428+00:00,1765820796.808428,186098E018981E66981E18981E609878E68098801E,UNKNOWN,,18 60 98 E0 18 98 1E 66 98 1E 18 98 1E 60 98 78 E6 80 98 80 1E,/dev/cu.usbserial-110
2025-12-15T17:47:06.536142+00:00,1765820826.536142,186098E018981E66981E181E8698E6981E98801E,SEAT-001,,18 60 98 E0 18 98 1E 66 98 1E 00 18 1E 86 98 E6 98 1E 98 80 1E,/dev/cu.usbserial-110
2025-12-15T19:53:52.988410+02:00,1765821232.98841,186098E018981E66981E181E8698E6981E98801E,SEAT-001,,,/dev/cu.usbserial-110
2025-12-15T17:53:53.176332+00:00,1765821233.176332,186098E018981E66981E181E8698E6981E98801E,SEAT-001,,18 60 98 E0 18 98 1E 66 98 1E 00 18 1E 86 98 E6 98 1E 98 80 1E,/dev/cu.usbserial-110
2025-12-15T17:56:00.878247+00:00,1765821360.878247,186098E018981E66981E181E8698E6981E98801E,SEAT-001,,18 60 98 E0 18 98 1E 66 98 1E 00 18 1E 86 98 E6 98 1E 98 80 1E,/dev/cu.usbserial-110
2025-12-15T19:56:01.407523+02:00,1765821361.407523,186098E018981E66981E181E8698E6981E98801E,SEAT-001,,,/dev/cu.usbserial-110
2025-12-15T17:56:15.024565+00:00,1765821375.024565,186098E018981E66981E18981E609878E68098801E,UNKNOWN,,18 60 98 E0 18 98 1E 66 98 1E 18 98 1E 60 98 78 E6 80 98 80 1E,/dev/cu.usbserial-110
2025-12-15T19:56:15.111224+02:00,1765821375.111224,186098E018981E66981E18981E609878E68098801E,SEAT-003,,,/dev/cu.usbserial-110
2025-12-15T19:56:26.414182+02:00,1765821386.414182,186098E018981E66981E06981E0698F8981E98801E,SEAT-002,,,/dev/cu.usbserial-110
2025-12-15T17:56:26.651541+00:00,1765821386.651541,186098E018981E66981E06981E0698F8981E98801E,UNKNOWN,,18 60 98 E0 18 98 1E 66 98 1E 06 98 1E 06 98 F8 98 1E 98 80 1E,/dev/cu.usbserial-110
2025-12-15T17:56:44.497256+00:00,1765821404.497256,186098E018981E66981E06981E0698F8981E98801E,UNKNOWN,,18 60 98 E0 18 98 1E 66 98 1E 06 98 1E 06 98 F8 98 1E 98 80 1E,/dev/cu.usbserial-110
2025-12-15T19:57:07.515031+02:00,1765821427.515031,186098E018981E66981E06981E0698F8981E98801E,SEAT-002,,,/dev/cu.usbserial-110
2025-12-15T17:57:13.479047+00:00,1765821433.479047,186098E018981E66981E181E8698E6981E98801E,SEAT-001,,18 60 98 E0 18 98 1E 66 98 1E 00 18 1E 86 98 E6 98 1E 98 80 1E,/dev/cu.usbserial-110
2025-12-15T19:57:14.301586+02:00,1765821434.301586,186098E018981E66981E181E8698E6981E98801E,SEAT-001,,,/dev/cu.usbserial-110
2025-12-15T18:00:23.262371+00:00,1765821623.262371,186098E018981E66981E181E8698E6981E98801E,SEAT-001,,18 60 98 E0 18 98 1E 66 98 1E 00 18 1E 86 98 E6 98 1E 98 80 1E,/dev/cu.usbserial-110
2025-12-15T20:00:23.471972+02:00,1765821623.471972,186098E018981E66981E181E8698E6981E98801E,SEAT-001,,,/dev/cu.usbserial-110
2025-12-15T18:00:42.306656+00:00,1765821642.306656,186098E018981E66981E181E8698E6981E98801E,SEAT-001,,18 60 98 E0 18 98 1E 66 98 1E 00 18 1E 86 98 E6 98 1E 98 80 1E,/dev/cu.usbserial-110
2025-12-15T18:02:08.509910+00:00,1765821728.50991,186098E018981E66981E181E8698E6981E98801E,SEAT-001,,18 60 98 E0 18 98 1E 66 98 1E 00 18 1E 86 98 E6 98 1E 98 80 1E,/dev/cu.usbserial-110
2025-12-15T20:02:08.844404+02:00,1765821728.844404,186098E018981E66981E181E8698E6981E98801E,SEAT-001,,18 60 98 E0 18 98 1E 66 98 1E 00 18 1E 86 98 E6 98 1E 98 80 1E,/dev/cu.usbserial-110
2025-12-15T18:07:13.922971+00:00,1765822033.922971,"               4187570695",UNKNOWN,,00 00 00 00 00 00 00 00 00 00 00 00 00 00 00 02 34 31 38 37 35 37 30 36 39 35,/dev/cu.usbserial-110
2025-12-15T18:07:14.009569+00:00,1765822034.009569,4187570695,UNKNOWN,,03 02 34 31 38 37 35 37 30 36 39 35,/dev/cu.usbserial-110
2025-12-15T18:07:38.614020+00:00,1765822058.61402,03186098E018981E66981E181E8698E6981E98801E,UNKNOWN,,03 18 60 98 E0 18 98 1E 66 98 1E 00 18 1E 86 98 E6 98 1E 98 80 1E,/dev/cu.usbserial-110
2025-12-15T18:07:38.703924+00:00,1765822058.703924,186098E018981E66981E181E8698E6981E98801E,SEAT-001,,18 60 98 E0 18 98 1E 66 98 1E 00 18 1E 86 98 E6 98 1E 98 80 1E,/dev/cu.usbserial-110
2025-12-15T20:10:11.713085+02:00,1765822211.713085,186098E018981E66981E181E8698E6981E98801E,SEAT-001,-32,,/dev/cu.usbserial-110
2025-12-15T18:10:11.899301+00:00,1765822211.899301,186098E018981E66981E181E,UNKNOWN,,00 00 00 00 00 00 00 00 00 00 00 18 60 98 E0 18 98 1E 66 98 1E 00 18 1E,/dev/cu.usbserial-110
2025-12-15T18:10:12.218857+00:00,1765822212.218857,8698E6981E98801E186098E018981E66981E181E8698E6,UNKNOWN,,86 98 E6 98 1E 98 80 1E 18 60 98 E0 18 98 1E 66 98 1E 00 18 1E 86 98 E6,/dev/cu.usbserial-110
2025-12-15T18:10:16.280672+00:00,1765822216.280672,981E98801E186098E018981E66981E181E8698E6981E98,UNKNOWN,,98 1E 98 80 1E 18 60 98 E0 18 98 1E 66 98 1E 00 18 1E 86 98 E6 98 1E 98,/dev/cu.usbserial-110
2025-12-15T18:10:16.982376+00:00,1765822216.982376,801E186098E018981E66981E181E8698E6981E98801E,UNKNOWN,,80 1E 18 60 98 E0 18 98 1E 66 98 1E 00 18 1E 86 98 E6 98 1E 98 80 1E,/dev/cu.usbserial-110
2025-12-15T18:10:17.119951+00:00,1765822217.119951,186098E018981E66981E181E8698E6981E98801E,SEAT-001,,18 60 98 E0 18 98 1E 66 98 1E 00 18 1E 86 98 E6 98 1E 98 80 1E,/dev/cu.usbserial-110
2025-12-15T18:10:23.601076+00:00,1765822223.601076,186098E018981E66981E06981E0698F8981E98801E,UNKNOWN,,18 60 98 E0 18 98 1E 66 98 1E 06 98 1E 06 98 F8 98 1E 98 80 1E,/dev/cu.usbserial-110
2025-12-15T20:10:24.434484+02:00,1765822224.434484,186098E018981E66981E06981E0698F8981E98801E,SEAT-002,-32,,/dev/cu.usbserial-110
2025-12-15T18:10:36.878961+00:00,1765822236.878961,186098E018981E66981E18981E609878E68098801E,UNKNOWN,,18 60 98 E0 18 98 1E 66 98 1E 18 98 1E 60 98 78 E6 80 98 80 1E,/dev/cu.usbserial-110
2025-12-15T20:10:37.283110+02:00,1765822237.28311,186098E018981E66981E18981E609878E68098801E,SEAT-003,-32,,/dev/cu.usbserial-110
2025-12-15T18:12:55.911299+00:00,1765822375.911299,186098E018981E66981E181E8698E6981E98801E,SEAT-001,,18 60 98 E0 18 98 1E 66 98 1E 00 18 1E 86 98 E6 98 1E 98 80 1E,/dev/cu.usbserial-110
2025-12-15T18:13:31.464017+00:00,1765822411.464017,186098E018981E66981E18981E609878E68098801E,UNKNOWN,,18 60 98 E0 18 98 1E 66 98 1E 18 98 1E 60 98 78 E6 80 98 80 1E,/dev/cu.usbserial-110
2025-12-15T18:15:39.185721+00:00,1765822539.185721,186098E018981E66981E06981E0698F8981E98801E,UNKNOWN,,18 60 98 E0 18 98 1E 66 98 1E 06 98 1E 06 98 F8 98 1E 98 80 1E,/dev/cu.usbserial-110
2025-12-15T18:16:09.543484+00:00,1765822569.543484,186098E018981E66981E181E8698E6981E98801E,SEAT-001,,18 60 98 E0 18 98 1E 66 98 1E 00 18 1E 86 98 E6 98 1E 98 80 1E,/dev/cu.usbserial-110
2025-12-15T18:17:45.055009+00:00,1765822665.055009,186098E018981E66981E06981E0698F8981E98801E,UNKNOWN,,18 60 98 E0 18 98 1E 66 98 1E 06 98 1E 06 98 F8 98 1E 98 80 1E,/dev/cu.usbserial-110
2025-12-15T18:18:47.301373+00:00,1765822727.301373,186098E018981E66981E06981E0698F8981E98801E,UNKNOWN,,18 60 98 E0 18 98 1E 66 98 1E 06 98 1E 06 98 F8 98 1E 98 80 1E,/dev/cu.usbserial-110
2025-12-15T18:20:38.514420+00:00,1765822838.51442,186098E018981E66981E06981E0698F8981E98801E,UNKNOWN,,18 60 98 E0 18 98 1E 66 98 1E 06 98 1E 06 98 F8 98 1E 98 80 1E,/dev/cu.usbserial-110
2025-12-15T18:23:20.712417+00:00,1765823000.712417,186098E018981E66981E0698,UNKNOWN,,00 00 00 00 00 00 00 00 00 00 00 00 18 60 98 E0 18 98 1E 66 98 1E 06 98,/dev/cu.usbserial-110
2025-12-15T18:23:20.849382+00:00,1765823000.849382,1E0698F8981E98801E186098E018981E66981E06981E0698,UNKNOWN,,1E 06 98 F8 98 1E 98 80 1E 18 60 98 E0 18 98 1E 66 98 1E 06 98 1E 06 98,/dev/cu.usbserial-110
2025-12-15T18:23:20.938241+00:00,1765823000.938241,F8981E98801E186098E018981E66981E06981E0698F8981E,UNKNOWN,,F8 98 1E 98 80 1E 18 60 98 E0 18 98 1E 66 98 1E 06 98 1E 06 98 F8 98 1E,/dev/cu.usbserial-110
2025-12-15T18:23:21.136780+00:00,1765823001.13678,98801E186098E018981E66981E06981E0698F8981E98801E,UNKNOWN,,98 80 1E 18 60 98 E0 18 98 1E 66 98 1E 06 98 1E 06 98 F8 98 1E 98 80 1E,/dev/cu.usbserial-110
2025-12-15T18:23:21.276565+00:00,1765823001.276565,186098E018981E66981E06981E0698F8981E98801E,UNKNOWN,,18 60 98 E0 18 98 1E 66 98 1E 06 98 1E 06 98 F8 98 1E 98 80 1E,/dev/cu.usbserial-110
2025-12-15T18:24:17.282461+00:00,1765823057.282461,186098E018981E66981E0698,UNKNOWN,,00 00 00 00 00 00 00 00 00 00 00 00 18 60 98 E0 18 98 1E 66 98 1E 06 98,/dev/cu.usbserial-110
2025-12-15T18:24:17.419143+00:00,1765823057.419143,1E0698F8981E98801E186098E018981E66981E06981E0698,UNKNOWN,,1E 06 98 F8 98 1E 98 80 1E 18 60 98 E0 18 98 1E 66 98 1E 06 98 1E 06 98,/dev/cu.usbserial-110
2025-12-15T18:24:17.506761+00:00,1765823057.506761,F8981E98801E186098E018981E66981E06981E0698F8981E,UNKNOWN,,F8 98 1E 98 80 1E 18 60 98 E0 18 98 1E 66 98 1E 06 98 1E 06 98 F8 98 1E,/dev/cu.usbserial-110
2025-12-15T18:24:17.610810+00:00,1765823057.61081,98801E186098E018981E66981E06981E0698F8981E98801E,UNKNOWN,,98 80 1E 18 60 98 E0 18 98 1E 66 98 1E 06 98 1E 06 98 F8 98 1E 98 80 1E,/dev/cu.usbserial-110
2025-12-15T18:24:17.707542+00:00,1765823057.707542,186098E018981E66981E06981E0698F8981E98801E,UNKNOWN,,18 60 98 E0 18 98 1E 66 98 1E 06 98 1E 06 98 F8 98 1E 98 80 1E,/dev/cu.usbserial-110
2025-12-15T18:24:20.032102+00:00,1765823060.032102,E0E0E0E0E0E0E0E0E0E0E0E0,UNKNOWN,,00 00 E0 00 E0 00 00 00 00 E0 E0 00 E0 E0 E0 00 E0 E0 00 E0 00 00 E0 E0,/dev/cu.usbserial-110
2025-12-15T18:24:22.672714+00:00,1765823062.672714,E0E0E0E0E0E00234313837353731373139,UNKNOWN,,00 E0 00 00 E0 00 00 E0 E0 00 00 E0 00 E0 00 02 34 31 38 37 35 37 31 37 31 39,/dev/cu.usbserial-110
2025-12-15T18:24:22.774805+00:00,1765823062.774805,4187571719,UNKNOWN,,03 02 34 31 38 37 35 37 31 37 31 39,/dev/cu.usbserial-110
2025-12-15T18:24:45.009002+00:00,1765823085.009002,981E0698F8981E98801E186098E018981E6698,UNKNOWN,,00 00 00 00 00 98 1E 06 98 F8 98 1E 98 80 1E 18 60 98 E0 18 98 1E 66 98,/dev/cu.usbserial-110
2025-12-15T18:24:45.098201+00:00,1765823085.098201,1E06981E0698F8981E98801E186098E018981E66981E0698,UNKNOWN,,1E 06 98 1E 06 98 F8 98 1E 98 80 1E 18 60 98 E0 18 98 1E 66 98 1E 06 98,/dev/cu.usbserial-110
2025-12-15T18:24:45.208310+00:00,1765823085.20831,1E0698F8981E98801E186098E018981E66981E06981E0698,UNKNOWN,,1E 06 98 F8 98 1E 98 80 1E 18 60 98 E0 18 98 1E 66 98 1E 06 98 1E 06 98,/dev/cu.usbserial-110
2025-12-15T18:24:45.306365+00:00,1765823085.306365,F8981E98801E186098E018981E66981E06981E0698F8981E,UNKNOWN,,F8 98 1E 98 80 1E 18 60 98 E0 18 98 1E 66 98 1E 06 98 1E 06 98 F8 98 1E,/dev/cu.usbserial-110
2025-12-15T18:24:45.432569+00:00,1765823085.432569,98801E186098E018981E66981E06981E0698F8981E98801E,UNKNOWN,,98 80 1E 18 60 98 E0 18 98 1E 66 98 1E 06 98 1E 06 98 F8 98 1E 98 80 1E,/dev/cu.usbserial-110
2025-12-15T18:24:45.523917+00:00,1765823085.523917,186098E018981E66981E06981E0698F8981E98801E,UNKNOWN,,18 60 98 E0 18 98 1E 66 98 1E 06 98 1E 06 98 F8 98 1E 98 80 1E,/dev/cu.usbserial-110
2025-12-15T18:24:47.634195+00:00,1765823087.634195,E0E0E0E0E0E0E0E0E0E0E0E0,UNKNOWN,,00 00 E0 00 E0 00 00 00 00 E0 E0 00 E0 E0 E0 00 E0 E0 00 E0 00 00 E0 E0,/dev/cu.usbserial-110
2025-12-15T18:24:50.373268+00:00,1765823090.373268,E0E00234313837353731373139,UNKNOWN,,00 E0 00 00 E0 00 00 02 34 31 38 37 35 37 31 37 31 39,/dev/cu.usbserial-110
2025-12-15T18:24:50.497683+00:00,1765823090.497683,4187571719,UNKNOWN,,03 02 34 31 38 37 35 37 31 37 31 39,/dev/cu.usbserial-110
2025-12-15T18:25:31.165060+00:00,1765823131.16506,E0E0E0E0E0E0E0E0E0E0E0E0,UNKNOWN,,00 00 E0 00 E0 00 00 00 00 E0 E0 00 E0 E0 E0 00 E0 E0 00 E0 00 00 E0 E0,/dev/cu.usbserial-110
2025-12-15T20:27:21.593464+02:00,1765823241.593464,186098E018981E66981E06981E0698F8981E98801E,SEAT-002,,,/dev/cu.usbserial-110
2025-12-15T18:27:21.706286+00:00,1765823241.706286,E0E0E0E0E0E0186098E018981E6698,UNKNOWN,,00 E0 00 00 E0 00 00 E0 E0 00 00 E0 00 E0 00 18 60 98 E0 18 98 1E 66 98,/dev/cu.usbserial-110
2025-12-15T18:27:21.904232+00:00,1765823241.904232,1E06981E0698F8981E98801E186098E018981E66981E0698,UNKNOWN,,1E 06 98 1E 06 98 F8 98 1E 98 80 1E 18 60 98 E0 18 98 1E 66 98 1E 06 98,/dev/cu.usbserial-110
2025-12-15T18:27:44.465354+00:00,1765823264.465354,1E0698F8981E98801E186098E018981E66981E181E8698,UNKNOWN,,1E 06 98 F8 98 1E 98 80 1E 18 60 98 E0 18 98 1E 66 98 1E 00 18 1E 86 98,/dev/cu.usbserial-110
2025-12-15T20:27:44.557223+02:00,1765823264.557223,186098E018981E66981E181E8698E6981E98801E,SEAT-001,,,/dev/cu.usbserial-110
2025-12-15T18:27:44.758341+00:00,1765823264.758341,E6981E98801E186098E018981E66981E181E8698E6981E,UNKNOWN,,E6 98 1E 98 80 1E 18 60 98 E0 18 98 1E 66 98 1E 00 18 1E 86 98 E6 98 1E,/dev/cu.usbserial-110
2025-12-15T18:27:44.978864+00:00,1765823264.978864,98801E186098E018981E66981E181E8698E6981E98801E,UNKNOWN,,98 80 1E 18 60 98 E0 18 98 1E 66 98 1E 00 18 1E 86 98 E6 98 1E 98 80 1E,/dev/cu.usbserial-110
2025-12-15T18:27:45.079238+00:00,1765823265.079238,186098E018981E66981E181E8698E6981E98801E,SEAT-001,,18 60 98 E0 18 98 1E 66 98 1E 00 18 1E 86 98 E6 98 1E 98 80 1E,/dev/cu.usbserial-110
2025-12-15T20:27:50.148270+02:00,1765823270.14827,186098E018981E66981E18981E609878E68098801E,SEAT-003,,,/dev/cu.usbserial-110
2025-12-15T18:27:50.693779+00:00,1765823270.693779,186098E018981E66981E18981E609878E68098801E,UNKNOWN,,18 60 98 E0 18 98 1E 66 98 1E 18 98 1E 60 98 78 E6 80 98 80 1E,/dev/cu.usbserial-110
2025-12-15T18:28:09.785804+00:00,1765823289.785804,186098E018981E66981E181E8698E6981E98801E,SEAT-001,,18 60 98 E0 18 98 1E 66 98 1E 00 18 1E 86 98 E6 98 1E 98 80 1E,/dev/cu.usbserial-110
2025-12-15T20:30:25.417362+02:00,1765823425.417362,186098E018981E66981E181E8698E6981E98801E,SEAT-001,,,/dev/cu.usbserial-110
2025-12-15T18:30:25.614024+00:00,1765823425.614024,186098E018981E66981E181E8698E6981E98801E,SEAT-001,,18 60 98 E0 18 98 1E 66 98 1E 00 18 1E 86 98 E6 98 1E 98 80 1E,/dev/cu.usbserial-110
2025-12-15T18:31:41.748520+00:00,1765823501.74852,186098E018981E66981E181E8698E6981E98801E,SEAT-001,,18 60 98 E0 18 98 1E 66 98 1E 00 18 1E 86 98 E6 98 1E 98 80 1E,/dev/cu.usbserial-110
2025-12-15T20:31:41.838767+02:00,1765823501.838767,186098E018981E66981E181E8698E6981E98801E,SEAT-001,,,/dev/cu.usbserial-110
2025-12-15T20:32:49.391095+02:00,1765823569.391095,186098E018981E66981E181E8698E6981E98801E,SEAT-001,,,/dev/cu.usbserial-110
2025-12-15T18:32:50.100570+00:00,1765823570.10057,186098E018981E66981E181E8698E6981E98801E,SEAT-001,,18 60 98 E0 18 98 1E 66 98 1E 00 18 1E 86 98 E6 98 1E 98 80 1E,/dev/cu.usbserial-110
2025-12-15T18:33:10.649208+00:00,1765823590.649208,186098E018981E66981E18981E609878E68098801E,UNKNOWN,,18 60 98 E0 18 98 1E 66 98 1E 18 98 1E 60 98 78 E6 80 98 80 1E,/dev/cu.usbserial-110
2025-12-15T20:33:11.149863+02:00,1765823591.149863,186098E018981E66981E18981E609878E68098801E,SEAT-003,,,/dev/cu.usbserial-110
2025-12-15T18:33:20.514315+00:00,1765823600.514315,186098E018981E66981E06981E0698F8981E98801E,UNKNOWN,,18 60 98 E0 18 98 1E 66 98 1E 06 98 1E 06 98 F8 98 1E 98 80 1E,/dev/cu.usbserial-110
2025-12-15T20:33:20.700425+02:00,1765823600.700425,186098E018981E66981E06981E0698F8981E98801E,SEAT-002,,,/dev/cu.usbserial-110
2025-12-24T12:54:26.464168+02:00,1766573666.464168,186098E018981E66981E181E8698E6981E98801E,SEAT-001,,,/dev/cu.usbserial-210
2025-12-24T13:06:09.410725+02:00,1766574369.410725,186098E018981E66981E181E8698E6981E98801E,SEAT-001,,,/dev/cu.usbserial-210
2025-12-24T13:13:06.754624+02:00,1766574786.754624,CMD: B135,UNKNOWN,180,,/dev/cu.usbserial-0001
2025-12-24T13:17:57.837975+02:00,1766575077.837975,CMD: B135,UNKNOWN,180,,/dev/cu.usbserial-0001
2025-12-24T13:23:42.974544+02:00,1766575422.974544,CMD: B135,UNKNOWN,180,,/dev/cu.usbserial-0001
2025-12-24T13:27:27.145216+02:00,1766575647.145216,186098E018981E66981E181E8698E6981E98801E,1,,,/dev/cu.usbserial-210
2025-12-24T13:27:53.107434+02:00,1766575673.107434,186098E018981E66981E181E8698E6981E98801E,1,,,/dev/cu.usbserial-210
2025-12-24T13:28:37.272752+02:00,1766575717.272752,186098E018981E66981E181E8698E6981E98801E,1,,,/dev/cu.usbserial-210
2025-12-24T13:34:55.081014+02:00,1766576095.081014,186098E018981E66981E181E8698E6981E98801E,1,,,/dev/cu.usbserial-210
2025-12-24T13:40:50.346804+02:00,1766576450.346804,186098E018981E66981E06981E0698F8981E98801E,2,,,/dev/cu.usbserial-210
2025-12-24T13:53:34.723762+02:00,1766577214.723762,186098E018981E66981E181E8698E6981E98801E,1,,,/dev/cu.usbserial-210
